"","committee_name","committee_id","candidate_name","candidate_id","party","state","district","region","incumbent_challenge","hold_flip","win_per","lose_per","delta","total","advertise","poll","research","consulting","fundraise","pay","materials","travel","event","mail","radio","television","newspaper","smedia","website"
"1","ROHRABACHER FOR CONGRESS","C00224691","ROHRABACHER, DANA","H8CA42061","REP","CA",48,"west","I","Dem Pickup",53.6,46.4,7.2,2942532.46,153527.69,130800,45937,308107.93,232410.32,252058.87,NA,33296.12,139004.79,84118.57,NA,NA,NA,NA,46.99
"2","PETE SESSIONS FOR CONGRESS","C00303305","SESSIONS, PETE","H2TX03126","REP","TX",32,"south","C","Dem Pickup",52.3,45.8,6.5,5821717.78,967130.46,NA,12500,879144.31,734852.81,602090.2,833.1,27470.24,220834.19,612391.13,NA,907191.28,NA,257.02,2027.26
"3","CULBERSON FOR CONGRESS","C00343236","CULBERSON, JOHN","H0TX07055","REP","TX",7,"south","I","Dem Pickup",52.5,47.5,5,3802258.06,62912.05,NA,52200.18,569425.16,98980.5,NA,NA,27534.75,127777.94,8400.45,NA,NA,NA,NA,21309.87
"4","ROSKAM FOR CONGRESS COMMITTEE","C00410969","ROSKAM, PETER","H6IL06117","REP","IL",6,"midwest","I","Dem Pickup",53.6,46.4,7.2,7428193.64,337067.95,NA,39288.72,680536.77,556768.8,643074.67,NA,14012.1,49020.32,452751.12,NA,NA,NA,NA,NA
"5","FRIENDS OF ERIK PAULSEN","C00439661","PAULSEN, ERIK MR.","H8MN03077","REP","MN",3,"midwest","I","Dem Pickup",55.7,44.3,11.4,6330789.2,NA,157923.5,5000,712483.12,NA,218669.32,NA,93768.87,4115,303652.81,NA,NA,NA,NA,NA
"6","LANCE FOR CONGRESS","C00444224","LANCE, LEONARD","H6NJ12136","REP","NJ",7,"northeast","I","Dem Pickup",51.7,46.7,5,2894435.37,NA,NA,59647,2500,250895.96,282830.56,NA,13433.78,5754.69,40005.43,NA,NA,NA,NA,55172.51
"7","COMMITTEE TO ELECT WAYNE E HARMON","C00466805","HARMON, WAYNE E","H8IN07150","REP","IN",7,"midwest","C","Dem Hold",64.9,35.1,29.8,1241.94,NA,NA,NA,NA,NA,NA,NA,NA,NA,NA,NA,NA,NA,NA,NA
"8","RANDY HULTGREN FOR CONGRESS","C00467522","HULTGREN, RANDY","H0IL14080","REP","IL",14,"midwest","I","Dem Pickup",52.5,47.5,5,2406545.43,93395.08,81318.86,10000,802828.22,281483.41,NA,NA,3993.12,46916.32,123650.84,NA,NA,NA,NA,NA
"9","YODER FOR CONGRESS, INC","C00472365","YODER, KEVIN","H0KS03137","REP","KS",3,"midwest","I","Dem Pickup",53.3,44.2,9.1,5412066.28,458832.42,202478.44,45140.33,964671.72,526492.11,NA,NA,8711.8,238878.35,53305.88,3000,NA,NA,NA,2895.6
"10","DENHAM FOR CONGRESS","C00473272","DENHAM, JEFF","H0CA19173","REP","CA",10,"west","C","Dem Pickup",52.3,47.7,4.6,5081760.23,3320618.47,97500,10000,353386.39,471371.63,NA,NA,8094.09,170435.41,30446.15,182951.25,NA,NA,NA,11809.76
"11","ART ROBINSON FOR CONGRESS","C00481341","ROBINSON, ART DR.","H0OR04081","REP","OR",4,"west","C","Dem Hold",56,40.9,15.1,163509.81,NA,NA,NA,NA,NA,NA,NA,NA,NA,71989.11,NA,NA,NA,NA,NA
"12","ROTHFUS FOR CONGRESS","C00497115","ROTHFUS, KEITH MR.","H0PA04220","REP","PA",17,"northeast","I","Dem Pickup",56.3,43.7,12.6,3815019.31,5405,82310,NA,900116.45,303852.64,NA,NA,24362.53,47531.94,33793.01,NA,NA,NA,NA,15140.56
"13","VALADAO FOR CONGRESS","C00499392","VALADAO, DAVID","H2CA20094","REP","CA",21,"west","I","Dem Pickup",50.4,49.6,0.8,3604945.58,2911257.39,79198.6,66244.4,472242.15,484823.41,NA,NA,11381.31,157765.31,393464.56,NA,1460920,NA,NA,1593.89
"14","JOE KAUFMAN FOR CONGRESS","C00501205","KAUFMAN, JOSEPH ""JOE""","H2FL20043","REP","FL",23,"south","C","Dem Hold",58.5,36,22.5,485617.96,400,NA,NA,NA,NA,NA,NA,NA,1834.95,87539.91,NA,NA,NA,NA,NA
"15","ELECT DR. MCKELLAR U.S. CONGRESS","C00506287","MCKELLAR, SHIRLEY JONETTA  DR","H2TX01062","DEM","TX",1,"south","C","GOP Hold",72.3,26.3,46,43906.99,2264.57,NA,NA,NA,NA,NA,NA,NA,1426.22,NA,1018,1246.57,NA,NA,NA
"16","WENDYROGERS.ORG","C00510958","ROGERS, WENDY","H2AZ09035","REP","AZ",1,"west","C","Dem Hold",53.8,46.2,7.6,1428423.86,8270.29,155549.91,2535,90562.75,91812.31,NA,NA,3654.03,NA,3775.75,2096.88,NA,NA,NA,370
"17","ELECT APRIL FREEMAN","C00541359","FREEMAN, APRIL JUNE","H4FL19058","DEM","FL",17,"south","O","GOP Hold",62.3,37.7,24.6,2192.8,142.53,NA,NA,250,NA,NA,NA,NA,NA,NA,NA,NA,NA,NA,NA
"18","DALE K MENSING FOR CONGRESS","C00543553","MENSING, DALE KENNETH","H4CA02098","REP","CA",2,"west","C","Dem Hold",77,23,54,4907.79,NA,NA,NA,NA,NA,NA,NA,NA,NA,NA,NA,NA,NA,NA,0
"19","BLUM FOR CONGRESS","C00543926","BLUM, RODNEY","H2IA01055","REP","IA",1,"midwest","I","Dem Pickup",51,45.9,5.1,2771643.63,1557413.52,29453,NA,145937.76,60740.68,NA,NA,1121.2,4290.87,90732.85,NA,1329835.38,112535.57,1898.16,388.94
"20","CARLOS CURBELO CONGRESS","C00546846","CURBELO, CARLOS MR.","H4FL26038","REP","FL",26,"south","I","Dem Pickup",50.9,49.1,1.8,5317829.42,7729.45,90144.76,90500,1028783.81,698392.26,6328.96,NA,31235.64,58041.81,53203.26,NA,NA,99.95,NA,NA
"21","WALTERS FOR CONGRESS","C00546853","WALTERS, MIMI","H4CA45097","REP","CA",45,"west","C","Dem Pickup",52.1,47.9,4.2,6117614.5,301601.18,NA,1000,263042.19,597846.21,301176.33,2240.57,94431.33,356249.39,764572.12,NA,NA,NA,NA,NA
"22","LAPOLICE FOR KANSANS","C00552810","LAPOLICE, ALAN","H4KS01059","DEM","KS",1,"midwest","C","GOP Hold",68.4,31.6,36.8,205065.1,28217.75,1200,2800,8950,NA,21000,NA,1282.16,2732.59,131.96,4411.75,8576.85,2473.65,NA,NA
"23","STEVE KNIGHT FOR CONGRESS","C00554014","KNIGHT, STEVE","H4CA25123","REP","CA",25,"west","I","Dem Pickup",54.4,45.6,8.8,2793469.07,2848639.57,65112,NA,312152.2,237231.73,213541.92,NA,64317.85,56503.23,89011.37,1162257.56,50074.22,NA,11941.77,NA
"24","COMSTOCK FOR CONGRESS","C00554261","COMSTOCK, BARBARA","H4VA10089","REP","VA",10,"south","I","Dem Pickup",56.2,43.8,12.4,6898680.54,3032695.87,121857.59,33330.03,679580.32,405870.39,556336.07,NA,NA,11439.59,781148.75,NA,NA,975.82,NA,13599
"25","FRIENDS OF DAVE BRAT INC.","C00554949","BRAT, DAVID ALAN MR.","H4VA07143","REP","VA",7,"south","I","Dem Pickup",50.4,48.4,2,3498879.51,1731655.76,72700,30250,633280.19,258451.88,86647.75,15460.09,23423.87,132587.37,182688.43,NA,NA,NA,NA,2178.3
"26","TOM MACARTHUR FOR CONGRESS INC.","C00557520","MACARTHUR, THOMAS","H4NJ03130","REP","NJ",3,"northeast","I","Dem Pickup",50,48.7,1.3,4960624.32,150575.38,127500,6250,261767.86,199259.64,307997.86,NA,123633.66,13714.98,3122.84,NA,NA,11750,NA,389.8
"27","STEVE RUSSELL FOR CONGRESS","C00558510","RUSSELL, STEVEN DANE","H4OK05132","REP","OK",5,"south","I","Dem Pickup",50.7,49.3,1.4,1017042.11,3193.08,28128.02,NA,11193.08,125943.58,46343.8,NA,NA,27021.24,7541.58,NA,NA,NA,NA,1185
"28","JANET GARRETT FOR CONGRESS COMMITTEE","C00560847","GARRETT, JANET PATRICIA MRS.","H4OH04046","DEM","OH",4,"midwest","C","GOP Hold",65.3,34.7,30.6,704588.1,440390.36,19500,NA,20500,2540,43709.64,NA,4744.05,7269.29,2190.88,NA,NA,NA,3675,459.69
"29","MIKE BISHOP FOR CONGRESS","C00561001","BISHOP, MIKE","H4MI08135","REP","MI",8,"midwest","I","Dem Pickup",50.6,46.8,3.8,3394361.28,115820,NA,22000,NA,NA,79492.45,NA,5281.08,25173.89,2503.6,NA,NA,NA,NA,4805.45
"30","TENNEY FOR CONGRESS","C00561183","TENNEY, CLAUDIA","H4NY22051","REP","NY",22,"northeast","I","Dem Pickup",50.9,49.1,1.8,195554.45,NA,NA,NA,69385.29,37703.16,2524.94,NA,NA,NA,NA,NA,NA,NA,NA,NA
"31","JACOB TURK FOR CONGRESS 2014","C00563668","TURK, JACOB","H6MO05189","REP","MO",5,"midwest","C","Dem Hold",61.7,35.6,26.1,81943.91,1547.3,NA,NA,NA,NA,NA,1669.5,NA,NA,35560.21,797.3,NA,NA,724.33,159
"32","KELLER4AMERICA","C00569707","KELLER, CRAIG","H4WA07073","REP","WA",7,"west","C","Dem Hold",83.6,16.4,67.2,26951,NA,NA,NA,NA,NA,NA,NA,351,NA,20406,NA,NA,NA,NA,NA
"33","COFFMAN FOR CONGRESS 2016","C00570457","COFFMAN, MIKE REP.","H8CO06138","REP","CO",6,"west","I","Dem Pickup",54.1,42.9,11.2,67634.87,NA,NA,NA,28289.08,26289.08,NA,NA,935.74,13118.22,NA,NA,NA,NA,NA,NA
"34","DONOVAN FOR CONGRESS","C00571869","DONOVAN, DAN","H6NY11174","REP","NY",11,"northeast","I","Dem Pickup",53,46.6,6.4,3099635.78,1093390.81,77070,NA,805328.07,258195.07,77724.63,NA,NA,16213.8,135116.59,NA,NA,NA,NA,5360
"35","JUSTIN FAREED FOR CONGRESS","C00572560","FAREED, JUSTIN","H4CA24142","REP","CA",24,"west","C","Dem Hold",58.6,41.4,17.2,1550636,516826.42,NA,NA,136044.8,23896.39,NA,NA,5610.53,15615.35,80855.42,34227.5,393170.01,NA,NA,6600
"36","GRETCHEN DRISKELL FOR CONGRESS","C00572859","DRISKELL, GRETCHEN","H6MI07223","DEM","MI",7,"midwest","C","GOP Hold",53.8,46.2,7.6,3156428.72,50550,82683.27,3451.36,137268.54,75677,641456.45,NA,4682.35,3254.86,93860.31,NA,NA,NA,NA,50
"37","FASO FOR CONGRESS","C00580415","FASO, JOHN J. MR.","H6NY19169","REP","NY",19,"northeast","I","Dem Pickup",51.4,46.2,5.2,4051407.84,1699068.45,NA,36757.16,932509.63,595911.28,282945.16,5162,27022.99,4084.16,150643.24,1697821,NA,1247.45,NA,NA
"38","WAYNE LIEBNITZKY FOR CONGRESS","C00582015","LIEBNITZKY, WAYNE","H6FL09195","REP","FL",9,"south","C","Dem Hold",58,42,16,69987.71,8000,NA,NA,4000,NA,NA,NA,NA,NA,15576.17,NA,8000,NA,NA,NA
"39","AMIE HOEBER FOR CONGRESS","C00582296","HOEBER, AMIE","H6MD06212","REP","MD",6,"south","O","Dem Hold",59,38,21,958195.1,697859.86,NA,59241,234733.27,43023.82,NA,NA,196.3,8326.62,26830.88,15504,396500.3,3948.29,NA,NA
"40","TARKANIAN FOR CONGRESS","C00582320","TARKANIAN, DANNY","H2NV04045","REP","NV",3,"west",NA,"Dem Hold",51.9,42.8,9.1,24547.27,NA,NA,NA,7550,NA,354,NA,NA,NA,NA,NA,NA,NA,NA,NA
"41","STELLA FOR CONGRESS","C00586065","STELLA, DOMINICK J. M.D.","H6IL11133","REP","IL",11,"midwest","C","Dem Hold",63.8,36.2,27.6,290585.43,56887.15,2920,100,86400,1497.2,NA,NA,744,NA,NA,16710,19761,NA,NA,3500
"42","JAN MCDOWELL FOR CONGRESS","C00588558","MCDOWELL, JAN","H6TX24149","DEM","TX",24,"south","C","GOP Hold",50.6,47.5,3.1,87224.89,8485,NA,NA,NA,772.78,33872.5,NA,NA,834.68,460,3625,4860,NA,NA,94.98
"43","JASON LEWIS FOR CONGRESS, INC.","C00589234","LEWIS, JASON MARK MR.","H6MN02149","REP","MN",2,"midwest","I","Dem Pickup",52.8,47.2,5.6,2984308.69,193188,70200,NA,412432.77,312513.61,93336.73,NA,31364.44,24710.78,219308.6,NA,NA,NA,NA,19955.8
"44","RON COHEN FOR CONGRESS 2018","C00591784","COHEN, RONALD H","H6CA17141","REP","CA",17,"west","C","Dem Hold",75.3,24.7,50.6,3595.11,NA,NA,NA,NA,NA,NA,NA,NA,NA,184.06,NA,NA,NA,NA,176
"45","OMAR NAVARRO FOR CONGRESS","C00592048","NAVARRO, OMAR","H6CA44145","REP","CA",43,"west","C","Dem Hold",77.7,22.3,55.4,999834.39,37278.45,NA,5521,40053.19,211394.95,19460.71,NA,47848.43,38042.74,59535.21,700,12500,NA,47064.99,507.03
"46","MARK HOLBROOK FOR CONGRESS","C00592469","HOLBROOK, MARK IRVING DR","H6ME01207","REP","ME",1,"northeast","C","Dem Hold",58.8,32.4,26.4,92526.64,60812.52,NA,NA,NA,3715.55,NA,NA,NA,3500,900,11412.39,47119.75,NA,NA,240
"47","VICENTE GONZALEZ FOR CONGRESS","C00592659","GONZALEZ, VICENTE","H6TX15162","DEM","TX",15,"northeast","I","Dem Hold",96,4,92,583111.5,14812,NA,NA,78333.96,77519.69,3960,NA,24962.08,24649.01,244.05,NA,NA,NA,2599,1299
"48","COMMITTEE TO ELECT TIMMY WESTLEY","C00597716","WESTLEY, TIMMY LEE","H6TX15204","REP","TX",15,"south","C","Dem Hold",59.7,38.8,20.9,5780.2,0,NA,NA,NA,NA,NA,0,139.65,426.03,92.56,NA,NA,NA,NA,145
"49","AVA FOR CONGRESS","C00598375","PATE, AVA","H6TX18158","REP","TX",18,"south","C","Dem Hold",75.2,20.8,54.4,14000.88,1445,NA,NA,NA,NA,NA,1597.76,NA,NA,NA,1445,NA,NA,NA,458.62
"50","SEAN FLYNN FOR CONGRESS","C00602722","FLYNN, SEAN","H6CA31134","REP","CA",31,"west","C","Dem Hold",58.7,41.3,17.4,1518283.68,226891,26000,1000,687290.55,305532.68,NA,NA,NA,18439.21,189970.94,NA,64992.5,NA,200,NA
"51","REY GONZALEZ FOR CONGRESS","C00607333","GONZALEZ, REY DR.","H6TX34031","REP","TX",34,"south","C","Dem Hold",60,40,20,79484.27,NA,NA,NA,NA,NA,NA,NA,NA,NA,NA,NA,NA,NA,NA,NA
"52","G RYAN FOR CONGRESS","C00607846","RYAN, GREGORY","H6MN04236","REP","MN",4,"midwest","C","Dem Hold",66,29.8,36.2,19299.01,NA,NA,NA,NA,NA,NA,NA,NA,540,NA,NA,NA,NA,NA,NA
"53","WRIGHT FOR CONGESS","C00608430","WRIGHT, KENNETH","H6CA33106","REP","CA",33,"west","C","Dem Hold",70,30,40,160561.09,57782.5,NA,800,3000,4102.84,NA,260,207.88,3954.35,15010.53,NA,49988.5,7794,11581.85,1478.75
"54","SCOTT TAYLOR FOR CONGRESS","C00608703","TAYLOR, SCOTT W. MR.","H0VA02118","REP","VA",2,"south","I","Dem Pickup",51.1,48.9,2.2,4065952.94,445861.65,40281,6000,507305.31,896379.73,134564.43,32461.85,44284.38,179808.17,716693.94,5465,NA,NA,18660.86,1596.88
"55","HUGHES FOR CONGRESS","C00610071","HUGHES, DAVID RUSSELL MR.","H6MN07304","REP","MN",7,"midwest","C","Dem Hold",52.1,47.9,4.2,244839.92,74810.52,750,NA,35513,8977.91,4030,NA,NA,3468,4011.07,NA,NA,NA,NA,3455.33
"56","BEVERLY4CONGRESS","C00612697","GOLDSTEIN, BEVERLY A.","H6OH11160","REP","OH",11,"midwest","C","Dem Hold",82.2,17.8,64.4,18468.44,6276.74,NA,NA,1516.5,NA,NA,NA,NA,585.25,2015.98,800,NA,4980.42,NA,NA
"57","CHRISTOPHER PETERS FOR CONGRESS","C00613539","PETERS, CHRISTOPHER","H6IA02161","REP","IA",2,"midwest","C","Dem Hold",54.8,42.6,12.2,172010.06,NA,NA,NA,16999.61,NA,19000,NA,146.79,NA,211.67,NA,NA,NA,NA,549.2
"58","COFFMAN FOR CONGRESS 2018","C00629287","COFFMAN, MIKE REP.","H8CO06138","REP","CO",6,"west","I","Dem Pickup",54.1,42.9,11.2,3751044.23,225562.64,100306,12000,713743.06,406265.85,NA,NA,2762.46,73026.11,175119.17,NA,NA,NA,NA,156.25
"59","JEFF DOVE FOR CONGRESS","C00630384","DOVE, JEFFERY ANTHONY MR. JR.","H8VA11070","REP","VA",11,"south","C","Dem Hold",71.2,27,44.2,555404.38,18700.36,NA,NA,61292.28,2790,NA,NA,NA,4198.05,228328.56,3360.02,4925,NA,47.19,742
"60","JAMES THOMPSON FOR KANSAS","C00631572","THOMPSON, JAMES A MR.","H8KS04120","DEM","KS",4,"midwest","C","GOP Hold",59.8,40.2,19.6,1523227.75,192311.26,6500,20361.47,324605.18,30560.69,230040.88,25616.85,28685.23,18922.5,7071.79,541.87,120525,15000,10000,8437
"61","JANA LYNNE SANCHEZ FOR US CONGRESS","C00631978","SANCHEZ, JANA LYNNE MS","H8TX06183","DEM","TX",6,"south","O","GOP Hold",53.1,45.4,7.7,702857.99,46228.05,2500,45126.32,31324.95,46267.92,20563.96,NA,557.12,4639.43,2881.75,696,NA,NA,NA,NA
"62","FRIENDS OF VANGIE WILLIAMS","C00632059","WILLIAMS, LAVANGELENE A","H8VA01303","DEM","VA",1,"south","C","GOP Hold",55.2,44.8,10.4,267839.27,4215.88,NA,7800,26415.71,12201.6,120741.91,11440.04,2406.04,2147.47,NA,NA,NA,2700,NA,395.74
"63","CLAUDIA TENNEY FOR CONGRESS","C00632828","TENNEY, CLAUDIA","H4NY22051","REP","NY",22,"northeast","I","Dem Pickup",50.9,49.1,1.8,3273383.97,34319.66,NA,99700,605200.32,300764.49,143890.6,NA,91600.64,72732.21,141757.88,NA,NA,NA,NA,NA
"64","HANDEL FOR CONGRESS, INC.","C00633362","HANDEL, KAREN CHRISTINE","H8GA06286","REP","GA",6,"south","C","Dem Pickup",50.5,49.5,1,8784153.66,360014.56,108020,139676.38,1109073.3,769741.32,288655.77,NA,27339.25,118736.56,226847.68,NA,NA,NA,NA,11874.32
"65","JULIA PEACOCK FOR CONGRESS","C00634014","PEACOCK, JULIA C.","H8CA42228","DEM","CA",42,"west","C","GOP Hold",56.5,43.5,13,154296.86,13488.23,NA,NA,2500,400,NA,NA,2774.45,1425.18,510.33,NA,NA,NA,NA,730.65
"66","ARCHIE PARNELL FOR CONGRESS","C00634709","PARNELL, ARCHIE","H8SC05174","DEM","SC",5,"south","C","GOP Hold",57.1,41.5,15.6,2268805.34,56579.22,NA,64300,1141762.71,17250,610992.99,27998.45,1903.99,23131.38,5439.92,NA,24019,NA,NA,13250
"67","FRIENDS OF DOUG BENNETT","C00634808","BENNETT, DOUGLAS R 1963","H8IL10115","REP","IL",10,"midwest","C","Dem Hold",65.6,34.4,31.2,286570.32,7350.47,2605,NA,47296.2,71867.55,NA,1705.64,NA,18068.24,27555.22,NA,NA,NA,4470.9,139.93
"68","FRIENDS OF HANDEL","C00634949","HANDEL, KAREN CHRISTINE","H8GA06286","REP","GA",6,"south","C","Dem Pickup",50.5,49.5,1,66168.18,NA,NA,NA,NA,NA,NA,NA,NA,NA,NA,NA,NA,NA,NA,NA
"69","VANESSA FOR CONGRESS","C00635797","ADIA, VANESSA MICHELLE","H8TX12074","DEM","TX",12,"south","C","GOP Hold",64.3,33.9,30.4,187096.45,41092.01,NA,300,NA,2497.8,NA,NA,8686.17,1205,NA,NA,NA,NA,NA,NA
"70","AJA SMITH FOR CONGRESS","C00635854","SMITH, AJA","H8CA41170","REP","CA",41,"west","C","Dem Hold",65.1,34.9,30.2,47943.23,NA,NA,NA,6308,4308,NA,NA,NA,NA,6551.3,NA,NA,NA,NA,NA
"71","LINSEY FAGAN FOR TEXAS","C00635870","FAGAN, LINSEY","H8TX26124","DEM","TX",26,"south","C","GOP Hold",59.4,39,20.4,92788.81,6463.85,NA,NA,35126.98,3208.64,8205,-1491.37,3591.09,2392.32,NA,NA,NA,NA,NA,-53.91
"72","AMMAR CAMPA FOR CONGRESS","C00635888","CAMPA-NAJJAR, AMMAR","H8CA50098","DEM","CA",50,"west","C","GOP Hold",51.7,48.3,3.4,4055070.47,1013447.48,14900,NA,284014.07,137385.8,NA,NA,11279.89,37399.9,107555.13,NA,NA,NA,1411.53,19247.06
"73","COMMITTEE TO ELECT MORGAN FOR MICHIGAN","C00636324","MORGAN, MATTHEW WADE","H8MI01149","DEM","MI",1,"midwest","C","GOP Hold",56.3,43.7,12.6,1565860.44,12879.07,43300,15376.9,170825.46,14280.4,318756.02,NA,37498.41,4945.37,77359.95,4506,NA,NA,NA,42747.61
"74","FRIENDS OF RENEE HOAGENSON","C00636621","HOAGENSON, SUZANNE RENEE","H8MO04071","DEM","MO",4,"midwest","C","GOP Hold",64.8,32.7,32.1,434116.89,86838.45,3500,3500,66633.16,10262.2,28586,6541.08,477.6,2875.6,32667.48,5439,NA,NA,7458.57,3205.86
"75","MARY GEREN FOR CONGRESS","C00636696","GEREN, MARY SMITH","H8SC03070","DEM","SC",3,"south","C","GOP Hold",67.8,31,36.8,298296.8,24054.98,2500,NA,91031.11,19406.11,12590.5,3041.75,3965.53,21232.59,3863.4,313.12,NA,NA,NA,NA
"76","DAN WOOD FOR CONGRESS","C00636860","WOOD, DANNY EUGENE JR","H8TX05086","DEM","TX",5,"south","O","GOP Hold",62.4,37.6,24.8,108332.05,255.64,NA,NA,12323.52,1627.81,33573.39,843.81,NA,2162.6,1495.26,NA,NA,255.64,NA,1072.39
"77","EDWARDS FOR NEW HAMPSHIRE","C00637397","EDWARDS, EDDIE","H8NH01152","REP","NH",1,"northeast","O","Dem Hold",53.5,45,8.5,1221724.18,5446.02,NA,NA,432319.27,73621.61,NA,NA,9558.65,8454.68,138189.72,2500,NA,NA,7000,9828.38
"78","FRIENDS OF RANDY WADKINS","C00637660","WADKINS, RANDY MACK DR.","H8MS01145","DEM","MS",1,"south","C","GOP Hold",67,32.3,34.7,144444.36,15998.6,NA,NA,25000,3164.49,NA,303.96,7538.69,4194.38,5898.8,8162,NA,660,189,2228.58
"79","D.D. ADAMS FOR CONGRESS","C00637785","ADAMS, DENISE DARCEL","H8NC05063","DEM","NC",5,"south","C","GOP Hold",57.2,42.8,14.4,355428.68,14406,4750,NA,55565.56,8854.18,63100,8443.17,2305.99,8092.75,13772.48,750,12586,NA,NA,3864.94
"80","BETSY RADER FOR CONGRESS","C00637967","RADER, ELIZABETH ANNE","H8OH14111","DEM","OH",14,"midwest","C","GOP Hold",55.2,44.8,10.4,2595177.1,27996.41,NA,10000,54033.27,61484.56,745629.22,84.7,4569.3,15534.89,5541.3,NA,NA,NA,NA,687.53
"81","COMMITTEE TO ELECT ROB DAVIDSON","C00638254","DAVIDSON, ROBERT MICHAEL DR","H8MI02113","DEM","MI",2,"midwest","C","GOP Hold",55.3,43,12.3,1348154.26,696.54,33771.58,7249.4,33466.07,54353.12,187414.41,NA,11366.65,6194.05,2323.32,NA,NA,NA,NA,192.85
"82","MIGUEL LEVARIO FOR CONGRESS","C00638353","LEVARIO, MIGUEL ANTONIO MR. PHD","H8TX19111","DEM","TX",19,"south","C","GOP Hold",75.2,24.8,50.4,89303.89,11547.29,NA,NA,386.17,NA,NA,1363.14,NA,NA,2231.31,NA,NA,NA,129.15,NA
"83","KANEW FOR CONGRESS","C00638403","KANEW, JUSTIN","H8TN07068","DEM","TN",7,"south","O","GOP Hold",66.9,32.1,34.8,420215.52,63251.6,NA,5689.5,23301,NA,NA,NA,13070.71,70,300,NA,NA,NA,NA,NA
"84","ANDREW JANZ FOR CONGRESS","C00638510","JANZ, ANDREW","H8CA22139","DEM","CA",22,"west","C","GOP Hold",52.7,47.3,5.4,9154086.77,4698749.18,179960.07,25471.25,312322.73,109207.05,393292.51,NA,28029.66,32844.57,1861392.8,NA,NA,NA,NA,NA
"85","FRIENDS OF DANNER KLINE","C00638536","KLINE, DANNER","H8AL06099","DEM","AL",6,"south","C","GOP Hold",69.2,30.8,38.4,283992.96,NA,NA,4739.46,2713.72,19962.8,52847.02,1824.3,990.13,5690.6,44753.37,NA,NA,NA,NA,1612
"86","GALBRAITH FOR CONGRESS","C00638999","GALBRAITH, JOHN MICHAEL","H8OH05150","DEM","OH",5,"midwest","C","GOP Hold",62.3,35.1,27.2,285402.51,8371.8,NA,NA,1393,10765.32,36673.3,283.56,1318.18,1067.96,8638.33,NA,NA,NA,NA,3258
"87","BECK 4 INDIANA","C00639013","BECK, TOBI","H8IN04124","DEM","IN",4,"midwest","O","GOP Hold",64.1,35.9,28.2,112177.95,3240.04,NA,NA,38365.35,286.5,3461.55,NA,431.76,NA,16711.37,NA,NA,NA,NA,NA
"88","EASTMAN FOR CONGRESS","C00639310","EASTMAN, KARA","H8NE02220","DEM","NE",2,"midwest","C","GOP Hold",51,49,2,2548774.59,1067020.75,27923.65,18100.23,86601.52,100076.89,510353.52,3448.05,16347.75,19738.56,183564.19,8500.47,996699.47,NA,NA,136.7
"89","DAYNA STEELE CAMPAIGN","C00639419","STEELE, DAYNA MS.","H8TX36024","DEM","TX",36,"south","C","GOP Hold",72.6,27.4,45.2,1110613.81,64452.12,3500,22700,13300,9431.69,457017.34,3314.28,10320,35073.72,193.56,3200,NA,NA,17693,4183.08
"90","ELLIS FOR CONGRESS","C00639450","ELLIS, KATHRYN GAIL","H8MO08098","DEM","MO",8,"midwest","C","GOP Hold",73.4,25,48.4,200733.17,NA,NA,NA,40517.34,13983.22,NA,454.54,NA,5751.22,604.28,NA,NA,NA,NA,499
"91","TODD LITTON FOR CONGRESS","C00639526","LITTON, TODD CATLETT","H8TX02067","DEM","TX",2,"south","O","GOP Hold",52.8,45.6,7.2,1720829.1,5208.31,33200,3000,20500,37000,307285.85,NA,5659.5,12048.09,129999.33,NA,NA,NA,NA,7600.75
"92","MARIAH PHILLIPS FOR CONGRESS","C00639641","PHILLIPS, MARIAH NICOLE","H8TN04099","DEM","TN",4,"south","C","GOP Hold",63.4,33.6,29.8,607677.55,134966.29,NA,176.92,177430.94,71331.32,46679.47,NA,1254.98,14547.43,2844.94,NA,NA,NA,1628.95,5609
"93","ANTONIO SABATO JR FOR CONGRESS","C00639690","SABATO, ANTONIO","H8CA26114","REP","CA",26,"west","C","Dem Hold",61.9,38.1,23.8,381955.61,9000,NA,NA,132516.41,23738.45,NA,NA,29897.4,7588.68,2152.91,NA,NA,NA,NA,NA
"94","KYLE HORTON FOR CONGRESS","C00639773","HORTON, LAUREN","H8NC07101","DEM","NC",7,"south","C","GOP Hold",55.6,42.7,12.9,957380.27,381970.83,23755,25495,100497.4,41652.4,268856.77,19549.76,3486.05,23213.98,59408.21,NA,86381.88,NA,2625,NA
"95","ADRIENNE BELL 2018","C00639872","BELL, ADRIENNE","H8TX14120","DEM","TX",14,"south","C","GOP Hold",59.2,39.3,19.9,194260.89,20474.8,NA,NA,39951.26,11525,61694.54,NA,1025.18,350,4843.47,NA,NA,NA,NA,NA
"96","COMMITTEE TO ELECT RICHARD OJEDA","C00639989","OJEDA, RICHARD NEECE SENATOR II","H8WV03048","DEM","WV",3,"south","O","GOP Hold",56.4,43.6,12.8,2819552.7,18368.37,32050,16500,105947.78,95635.8,329895.31,NA,52305.19,10799.85,1551.95,NA,NA,NA,NA,75.94
"97","SARAH SMITH 2018","C00640151","SMITH, SARAH","H8WA09054","DEM","WA",9,"west","C","Dem Hold",67.9,32.1,67.9,103793.82,14592.28,NA,NA,14034.38,NA,NA,NA,1143.17,12601.73,NA,NA,NA,NA,410.52,NA
"98","STEVE FERRARA FOR CONGRESS","C00640268","FERRARA, STEVE MD","H8AZ09024","REP","AZ",9,"west","O","Dem Hold",61.1,38.9,22.2,1624888.15,45031.95,NA,8000,345342.06,124353.63,3500,NA,14883,15672.87,107.5,NA,NA,NA,14000,319.06
"99","JOHN CHRIN FOR CONGRESS","C00640839","CHRIN, JOHN R","H8PA17050","REP","PA",8,"northeast","C","Dem Hold",54.6,45.4,9.2,3119135.05,2143518.58,NA,96417,353335.59,205015.42,123712.32,NA,68662.43,105912.54,143845.65,12625,997719.44,NA,NA,NA
"100","JOAN GREENE FOR CONGRESS","C00640938","GREENE, JOAN","H8AZ05154","DEM","AZ",5,"west","C","GOP Hold",59.4,40.6,18.8,194657.63,7941.87,NA,NA,11098.15,9506.11,NA,426,NA,1650.63,911.38,NA,NA,549,21935.53,1000
"101","GEORGE SCOTT FOR CONGRESS","C00640961","SCOTT, GEORGE","H8PA04090","DEM","PA",10,"northeast","C","GOP Hold",51.3,48.7,2.6,2195518.05,447762.39,47891.77,550,319767.64,40074.9,NA,NA,2232.41,7910.73,2480.87,270,718.68,NA,2500,NA
"102","FRIENDS OF DR. DANIELLE MITCHELL","C00641001","MITCHELL, DANIELLE DR.","H8TN03208","DEM","TN",3,"south","C","GOP Hold",63.7,34.5,29.2,278916.02,24046.61,NA,NA,128939.14,5127.6,940.06,NA,1820.54,2557.98,3205,3062.5,19599.5,NA,3862.2,1971.59
"103","KOPSER FOR CONGRESS","C00641191","KOPSER, JOSEPH","H8TX21190","DEM","TX",21,"south","O","GOP Hold",50.2,47.6,2.6,3726087.62,9748.75,120960.65,97632.69,806420.22,47029.34,1119758.71,40348.21,39263.22,19234.52,12159.25,NA,NA,NA,NA,3820.5
"104","ERIC FOR US","C00641340","HOLGUIN, ERIC","H8TX27056","DEM","TX",27,"south","O","GOP Hold",60.3,36.6,23.7,186909.23,14500.17,NA,NA,29267,4860.74,41088.51,NA,515.21,NA,358.34,500,5019,NA,3992.17,76.86
"105","JD FOR CONGRESS","C00646489","DIGANVKER, JITENDRA JD","H8IL08101","REP","IL",8,"midwest","C","Dem Hold",66,34,32,49759.83,6466,NA,NA,13864.53,NA,NA,NA,303.41,NA,NA,NA,NA,300,NA,550
"106","AMY MCGRATH FOR CONGRESS","C00646745","MCGRATH, AMY","H8KY06164","DEM","KY",6,"south","C","GOP Hold",51,47.8,3.2,9523100.31,4376765.13,NA,182194.96,347699.16,99916.8,1570465.25,NA,295069.24,66646.35,12181.49,NA,NA,9,69500,800.29
"107","KEN HARBAUGH FOR CONGRESS","C00646752","HARBAUGH, KENNETH","H8OH07123","DEM","OH",7,"midwest","C","GOP Hold",58.7,41.3,17.4,3527403.22,739661.25,NA,31024.85,253092.95,8183.4,945582.41,NA,729.92,11115.01,5638.51,4411.83,709540,NA,NA,2500
"108","COMMITTEE TO ELECT CHRISTINE BROWN","C00647008","BROWN, CHRISTINE CAROL","H8WA04089","DEM","WA",4,"west","C","GOP Hold",62.8,37.2,25.6,454216.98,98912.19,NA,NA,54172.31,NA,105867.79,1776.36,4115.37,8507.73,1455.4,16889.24,NA,1296.84,NA,885.01
"109","LORIE BURCH FOR CONGRESS","C00647057","BURCH, LORIE","H8TX03099","DEM","TX",3,"south","C","GOP Hold",54.3,44.3,10,313974.34,45081.17,NA,3500,3500,19095.87,NA,95.88,633.56,13130.43,29810.48,250,NA,NA,9695.83,1000
"110","KOHL FOR CONGRESS","C00647164","KOHL, DAN","H8WI06098","DEM","WI",6,"midwest","C","GOP Hold",55.5,44.5,11,3660267.92,1223.19,NA,107615.19,1470790.2,86799.47,610028.1,35634.76,9883.47,5067.08,5909.46,NA,NA,NA,NA,1637.46
"111","CAMPAIGN TO ELECT JOSH MCCALL","C00647222","MCCALL, JOSHUA BRAXTON","H8GA09058","DEM","GA",9,"south","C","GOP Hold",79.5,20.5,59,89101.39,3308.57,NA,NA,40567.9,225,NA,NA,475.53,5448.23,951.46,900,NA,348.95,1489.19,NA
"112","COMMITTEE TO ELECT CHUCK ENDERLIN","C00647446","ENDERLIN, CHARLES JOSEPH JR.","H8GA03051","DEM","GA",3,"south","C","GOP Hold",65.5,34.5,31,52617.35,12188.61,3520,NA,NA,NA,209.68,NA,NA,NA,15876.76,NA,NA,744,NA,NA
"113","JESSICA MCCLURE FOR CONGRESS","C00647461","MCCLURE, JESSICA","H8NE01081","DEM","NE",1,"midwest","C","GOP Hold",60.4,39.6,20.8,70037.25,NA,NA,NA,500,NA,630,NA,1224.38,224.14,NA,NA,NA,NA,NA,NA
"114","RANDY BRYCE FOR CONGRESS","C00647537","BRYCE, RANDY","H8WI01123","DEM","WI",1,"midwest","O","GOP Hold",54.6,42.3,12.3,8630289.5,303321.66,NA,241375.91,598351.55,200995.85,712560.36,NA,120231.42,7856.77,1350132.6,NA,NA,NA,NA,NA
"115","PETER JOFFRION FOR CONGRESS","C00647677","JOFFRION, PETER S.","H8AL05190","DEM","AL",5,"south","O","GOP Hold",61.1,38.9,22.2,585923.61,79832.07,5000,6538.68,245553.86,52227.14,NA,19572.38,8810.73,10882.11,3657.12,NA,479.6,NA,5400,1200
"116","OMAR QUDRAT FOR CONGRESS","C00647875","QUDRAT, OMAR","H8CA52102","REP","CA",52,"west","C","Dem Hold",63.8,36.2,27.6,390460.78,2600,20500,NA,34250,99498.9,NA,NA,7311.09,3910,NA,NA,NA,NA,1400,3200
"117","MCCORMICK FOR CONGRESS","C00648006","MCCORMICK, KAREN A DVM","H8CO04091","DEM","CO",4,"west","C","GOP Hold",60.6,39.4,21.2,955991.94,52707.46,17500,5750,355872.94,19157.36,148753.26,NA,715.89,103,24502.07,NA,9000,NA,NA,2745
"118","TRITCH FOR CONGRESS","C00648055","TRITCH, COURTNEY","H8IN03076","DEM","IN",3,"midwest","C","GOP Hold",64.7,35.3,29.4,843558.08,430401.12,4367.8,32000,NA,12913.31,135456.29,4124.54,494.56,12864.43,23514.38,NA,424537.33,325,NA,129.72
"119","THE COMMITTEE TO ELECT LISA RING, LLC","C00648287","RING, LISA M. MS.","H8GA01063","DEM","GA",1,"south","C","GOP Hold",57.7,42.3,15.4,191727.78,14331.53,NA,NA,NA,1619.25,64637.19,53.29,400.93,3339.77,513.38,NA,NA,NA,NA,999.88
"120","BOB RACKLEFF CAMPAIGN COMMITTEE","C00648519","RACKLEFF, ROBERT BRUCE","H8FL02097","DEM","FL",2,"south","C","GOP Hold",67.4,32.6,34.8,260284.65,33000,NA,NA,35104,6814.57,1415,NA,251.6,232.78,100,NA,33000,NA,NA,NA
"121","FRIENDS OF KEVIN GAITHER","C00648675","GAITHER, KEVIN","H8IL15072","DEM","IL",15,"midwest","C","GOP Hold",70.9,29.1,41.8,48286.98,11031.59,NA,NA,NA,400,NA,NA,11345.99,2845.01,NA,2906.33,NA,3125.26,NA,212
"122","FRIENDS OF JESS KING","C00648774","KING, JESSICA","H8PA16078","DEM","PA",11,"northeast","O","GOP Hold",59,41,18,1890729.46,809396.15,21600,NA,292307.47,5307.08,423756.18,NA,16793.48,28703.49,95652.87,NA,377487.63,15.8,NA,NA
"123","MIKE MILLER FOR CONGRESS","C00648816","MILLER, MIKE","H8FL07062","REP","FL",7,"south","C","Dem Hold",57.7,42.3,15.4,1114479.31,2022,NA,13000,344816.47,76303.77,3500,NA,NA,24466.61,105302.74,NA,NA,NA,NA,NA
"124","STEVEN DAVID FOR CONGRESS","C00648964","DAVID, STEVEN","H8TX08080","DEM","TX",8,"south","C","GOP Hold",73.4,24.9,48.5,31164.24,589.3,NA,NA,NA,1375,NA,NA,NA,NA,NA,NA,NA,NA,299.51,NA
"125","MCLEOD-SKINNER FOR OREGON","C00649004","MCLEOD-SKINNER, JAMIE","H8OR02161","DEM","OR",2,"west","C","GOP Hold",56.3,39.4,16.9,1312666.54,514942.75,16500,16656.35,126536.76,27748.16,134210.46,6743.93,1808.83,18235.39,115641.22,NA,NA,NA,14098,4842.75
"126","STEPHANY ROSE FOR CONGRESS","C00649038","SPAULDING, STEPHANY ROSE","H8CO05130","DEM","CO",5,"west","C","GOP Hold",57,39.3,17.7,326189.79,116662.11,NA,NA,69092.75,11252.29,15474.14,392.32,1875.84,6008.91,1623.54,4737,NA,NA,25.1,168
"127","COMMITTEE TO ELECT TEDRA COBB","C00649061","COBB, TEDRA","H8NY21245","DEM","NY",21,"northeast","C","GOP Hold",56.1,42.4,13.7,1504992.83,2344.17,34500,7792.5,47270,38270,119941.49,NA,2818.33,3055,6381.74,NA,NA,NA,NA,10000
"128","HOLDEN 2018","C00649079","HOLDEN, DAVID","H8FL19067","DEM","FL",19,"south","C","GOP Hold",62.3,37.7,24.6,639736.54,193830.5,NA,NA,189851.71,49720.65,143573.03,3915.87,18026.97,14197.54,12750.4,NA,NA,NA,NA,16401.4
"129","WATTS FOR CONGRESS","C00649194","WATTS, RYAN","H8NC06079","DEM","NC",6,"south","C","GOP Hold",56.6,43.4,13.2,314084.54,3960.68,NA,600,144276.52,43745,NA,2500,NA,5166.91,26827.42,NA,NA,1970,5500,1954.82
"130","JENNIE LOU LEEDER FOR UNITED STATES CONGRESS","C00649210","LEEDER, VIRGINIA LOUISE","H8TX11100","DEM","TX",21,"south","C","GOP Hold",80.1,18.4,61.7,80541.85,6429.48,NA,NA,12700,7000,15075,NA,2645.01,585.66,NA,2060,NA,NA,1385.52,150
"131","MARK HARRIS FOR CONGRESS","C00649236","HARRIS, MARK EVERETTE","H6NC09200","REP","NC",9,"south","C",NA,48.8,49.4,-0.6,2092146.47,600,24000,7500,NA,64476.3,369107.91,NA,15160.64,7989.21,226.09,NA,NA,600,NA,NA
"132","PRICE4WNC","C00649277","PRICE, PHILLIP","H8NC11103","DEM","NC",11,"south","C","GOP Hold",59.2,38.7,20.5,226555.25,10506,NA,NA,3250,800,NA,NA,22022.82,749.84,504.12,10506,NA,NA,NA,880
"133","CAROLYN FOR CONGRESS","C00649376","BOURDEAUX, CAROLYN","H8GA07201","DEM","GA",7,"south","O","GOP Hold",50.1,49.9,0.2,3164529.71,4000.99,NA,96000,245214.9,73351.41,616881.12,NA,21501.74,10026.66,193354.83,NA,NA,NA,NA,1522.59
"134","GREG SAGAN FOR CONGRESS","C00649392","SAGAN, GREGORY T. MR.","H8TX13163","DEM","TX",13,"south","C","GOP Hold",81.5,16.9,64.6,35757.57,3723.45,NA,NA,NA,775.27,NA,NA,199.9,882.98,NA,2176.45,NA,347,NA,NA
"135","ANDREW GRANT FOR CONGRESS","C00649400","GRANT, ANDREW","H8CA07056","REP","CA",7,"west","C","Dem Hold",55,45,10,572896.3,58574.12,2600,300,176812.96,123936.45,14981.63,NA,16743.68,10532.67,92361.54,NA,NA,NA,NA,3818
"136","DIANE FOR COLORADO CD3","C00649459","MITSCH BUSH, DIANE MS.","H8CO03192","DEM","CO",3,"west","C","GOP Hold",51.5,43.6,7.9,2121331.72,130597.77,500,80524.29,81381.03,22387.5,369606.91,NA,18682.28,4525,19154.6,NA,NA,NA,NA,1000.08
"137","BETSY DIRKSEN LONDRIGAN FOR CONGRESS","C00649483","LONDRIGAN, BETSY DIRKSEN","H8IL13150","DEM","IL",13,"midwest","C","GOP Hold",50.4,49.6,0.8,4361816.01,3031.9,135916.29,9033.15,61090.29,53230.61,396024.42,NA,27283.53,15651.04,8432.59,NA,NA,NA,2632.89,3775.54
"138","BRENDAN KELLY FOR SOUTHERN ILLINOIS","C00649558","KELLY, BRENDAN","H8IL12129","DEM","IL",12,"midwest","C","GOP Hold",51.6,45.4,6.2,4163370.22,2799.32,NA,6322.9,718575.55,43607.83,562719.43,21766.59,16996.73,39995,12658.75,NA,NA,NA,NA,5118
"139","SODERBERG FOR CONGRESS","C00649798","SODERBERG, NANCY","H8FL06098","DEM","FL",6,"south","O","GOP Hold",56.3,43.7,12.6,3430151.23,1300,85300,47238.38,87298.57,137324.26,477678.72,NA,38392.92,17922.37,695.8,NA,NA,NA,28610,13012.41
"140","COMMITTEE TO ELECT DAVID WILSON BROWN","C00649806","BROWN, DAVID WILSON","H8NC10097","DEM","NC",10,"south",NA,"GOP Hold",59.3,40.7,18.6,123967.09,2492.91,NA,NA,15500,NA,NA,303.88,NA,4032.24,1837.4,1720,NA,NA,860.21,NA
"141","JANICE ARNOLD-JONES FOR CONGRESS 2018","C00649848","ARNOLD-JONES, JANICE E","H8NM01372","REP","NM",1,"west","O","Dem Hold",59.1,36.3,22.8,311218.82,NA,NA,NA,86029.62,NA,NA,NA,6330.88,110,4597.23,NA,NA,NA,NA,NA
"142","HIRAL FOR CONGRESS","C00649897","TIPIRNENI, HIRAL VYAS","H8AZ08083","DEM","AZ",6,"west","C","GOP Hold",55.5,44.5,11,4563573.79,2143708.57,75905.55,20000,726932.35,630795.6,200906.71,NA,29906.87,8301.81,57600.23,NA,NA,38.94,NA,16845.7
"143","JOSH MAHONY FOR CONGRESS","C00650093","MAHONY, JOSH","H8AR03074","DEM","AR",3,"south","C","GOP Hold",64.8,32.6,32.2,304625.93,4441.75,NA,NA,65590.62,26384.98,71375,407.1,NA,3913.22,345.31,NA,NA,NA,NA,2740
"144","TALLEY SERGENT FOR WEST VIRGINIA","C00650176","SERGENT, TALLEY","H8WV02115","DEM","WV",2,"south","C","GOP Hold",54,42.9,11.1,690426.62,2010.31,31000,NA,350724.58,8000,NA,23238.23,7325.57,10069.93,4068.1,NA,NA,NA,NA,NA
"145","TIM BJORKMAN FOR SOUTH DAKOTA","C00650226","BJORKMAN, TIMOTHY W MR.","H8SD01097","DEM","SD",0,"midwest","O","GOP Hold",60.3,36,24.3,1030428.2,422338.9,10500,NA,15450,34869.93,210626.02,NA,33257.72,NA,9434.36,NA,NA,NA,NA,8792.25
"146","LESLIE COCKBURN FOR CONGRESS","C00650366","COCKBURN, LESLIE","H8VA05155","DEM","VA",5,"south","O","GOP Hold",53.3,46.7,6.6,4132478.3,2193138.15,62040,20950,272289.12,37500,1183224.6,NA,36831.72,71830.45,16847.12,7075,1053756,NA,NA,4225
"147","JESSICA MORSE FOR CONGRESS","C00650408","MORSE, JESSICA","H8CA04210","DEM","CA",4,"west","C","GOP Hold",54.1,45.9,8.2,3705181.89,2263536.05,106641.43,NA,184366.88,38447.27,457176.25,NA,7274.39,8594.6,268496.67,NA,2189373.98,NA,NA,529.88
"148","CORT VANOSTRAN FOR CONGRESS","C00650440","VANOSTRAN, CORT","H8MO02208","DEM","MO",2,"midwest","C","GOP Hold",51.2,47.2,4,2367941.73,629.35,NA,53056.7,96410.26,73916.23,110559,NA,13217.54,3874.42,96977.36,NA,NA,NA,NA,7200
"149","PERRY GERSHON FOR CONGRESS","C00650457","GERSHON, PERRY","H8NY01155","DEM","NY",1,"northeast","C","GOP Hold",51.5,47.4,4.1,5459465.54,59581.84,155957.7,24000,947913.15,123294.44,420114.36,511.71,66896.18,15577.67,461754.55,NA,NA,NA,NA,158.26
"150","SCHOLTEN4IOWA CAMPAIGN COMMITTEE","C00650622","SCHOLTEN, JAMES D.","H8IA04106","DEM","IA",4,"midwest","C","GOP Hold",50.4,47,3.4,3495417.44,1373084.48,36160,1151,38941.15,88031.79,600323.96,6658.11,6896.66,9525.27,67718.31,335000,385000,2745,1049.98,7312.4
"151","MATT LONGJOHN FOR CONGRESS","C00650689","LONGJOHN, MATT","H8MI06155","DEM","MI",6,"midwest","C","GOP Hold",50.2,45.7,4.5,1635506.27,426.5,NA,96500,1000964.12,3668.06,437183.36,24270.33,18474.12,20823.91,2602.64,NA,NA,NA,2400,NA
"152","LIZ FOR INDIANA","C00651331","WATSON, LIZ","H8IN09107","DEM","IN",9,"midwest","C","GOP Hold",56.5,43.5,13,2699267.82,24316.41,NA,47697.86,417545.73,2006.81,378663.31,15907.98,9252.39,16080.77,2083.98,NA,NA,58.9,NA,1433.79
"153","MARY BARZEE FLORES FOR CONGRESS","C00651471","BARZEE FLORES, MARY","H8FL27086","DEM","FL",25,"south","O","GOP Hold",60.5,39.5,21,2192183.44,2062,52275.45,1500,255065.48,3642.5,206066.12,NA,25432.68,6743.61,25698.34,NA,NA,NA,NA,NA
"154","DEBONO FOR CONGRESS","C00651497","DEBONO, DAN","H8NY03151","REP","NY",3,"northeast","C","Dem Hold",59,41,18,461401.49,12447.78,6250,NA,89814.08,11750,NA,NA,31736.57,5401.49,271446.58,NA,NA,NA,9000,213.2
"155","JOHNNY FOR CONGRESS","C00651547","NALBANDIAN, JOHNNY","H8CA28185","REP","CA",28,"west","C","Dem Hold",78.4,21.6,56.8,35729.6,1005.59,NA,NA,NA,NA,NA,53.77,553.42,2440.81,NA,NA,NA,NA,500,NA
"156","CALLAHAN FOR CONGRESS","C00651562","CALLAHAN, MARK ALLEN","H8OR05198","REP","OR",5,"west","C","Dem Hold",55.1,41.9,13.2,28424.51,8691.5,1850,NA,4450,105,7612.3,NA,100,1769.2,1086.57,2235.25,1928.75,NA,NA,1081.11
"157","JUNIUS RODRIGUEZ FOR CONGRESS","C00651653","RODRIGUEZ, JUNIUS","H6IL18161","DEM","IL",18,"midwest","C","GOP Hold",67.2,32.8,34.4,68826.05,8584.04,NA,NA,NA,4564.8,NA,NA,NA,965.28,NA,3098,NA,NA,NA,865
"158","BASSILIAN FOR CONGRESS","C00652222","BASSILIAN, RON","H8CA37293","REP","CA",37,"west","C","Dem Hold",89.1,10.9,78.2,8438.08,NA,NA,NA,NA,NA,NA,NA,NA,NA,470.46,NA,NA,NA,NA,NA
"159","GINA ORTIZ JONES FOR CONGRESS","C00652297","JONES, GINA ORTIZ","H8TX23121","DEM","TX",23,"south","C","GOP Hold",49.2,48.7,0.5,6499860.08,NA,NA,56552.51,4980038.93,81820.75,972468.54,161378.43,45195.79,6614.69,1500,NA,NA,NA,NA,9500
"160","CARRIGAN FOR CONGRESS","C00652321","CARRIGAN, SEAN J MR.","H8SC02106","DEM","SC",2,"south","C","GOP Hold",56.3,42.5,13.8,164488.56,NA,NA,NA,NA,NA,52099,NA,NA,350,NA,NA,NA,NA,NA,NA
"161","LAUREN BAER FOR CONGRESS","C00652594","BAER, LAUREN","H8FL18028","DEM","FL",18,"south","C","GOP Hold",54.3,45.7,8.6,4606964.32,9903.02,148074.26,11414.25,214720.27,90681.41,211634.31,NA,26720.72,6554.4,6475.16,NA,NA,NA,5400,168
"162","FRIENDS OF WILLIAM TANOOS","C00652636","TANOOS, WILLIAM","H8IN08141","DEM","IN",8,"midwest","C","GOP Hold",64.4,35.6,28.8,233700.11,54664.09,NA,NA,98051.85,1382.07,NA,NA,NA,7339.29,NA,NA,NA,NA,NA,NA
"163","RICK NEAL FOR CONGRESS","C00652651","NEAL, RICK","H8OH15134","DEM","OH",15,"midwest","C","GOP Hold",58.3,39.7,18.6,1598340.72,593568.61,33600,30600,113408.74,28650,555103.93,NA,5239.6,14185.49,90723.4,NA,NA,NA,NA,NA
"164","PAUL DAVIS FOR KANSAS","C00653121","DAVIS, PAUL T.","H8KS02173","DEM","KS",2,"midwest","O","GOP Hold",48.1,46.4,1.7,4233371.06,2843506.5,106073.86,20000,112890.93,78844.96,767460.74,NA,68470.91,4849.25,33252.49,NA,186364,NA,NA,NA
"165","KATIE ARRINGTON FOR CONGRESS","C00653204","ARRINGTON, KATHERINE ELIZABETH","H8SC01124","REP","SC",1,"south","C","Dem Pickup",50.7,49.3,1.4,1699750.14,NA,119018,NA,562163.22,72864.88,NA,NA,15209.29,2788.84,1587.94,NA,NA,NA,NA,NA
"166","OLSEN FOR CONGRESS","C00653253","OLSEN, MARTIN","H8TN01079","DEM","TN",1,"south","C","GOP Hold",77.1,21,56.1,189264.33,938.98,NA,NA,NA,11107.96,46805.99,NA,2842.09,3878.39,338.15,NA,NA,270.91,600,135
"167","TATIANA MATTA FOR CONGRESS","C00653592","MATTA, TATIANA","H8CA23103","DEM","CA",23,"west","C","GOP Hold",63.7,36.3,27.4,104890.75,4500,NA,NA,44150,NA,NA,1946.98,9188.47,250,2780.88,NA,NA,NA,NA,382.1
"168","JERAMEY ANDERSON FOR CONGRESS","C00653659","ANDERSON, JERAMEY DEWAYNE","H8MS04438","DEM","MS",4,"south","C","GOP Hold",69.6,29.3,40.3,136476.91,9014.64,3500,NA,50527.67,1150,NA,2352.79,18846.11,30636.38,NA,780,NA,NA,NA,244.77
"169","PALZEWICZ FOR WISCONSIN","C00653733","PALZEWICZ, TOM","H8WI05165","DEM","WI",5,"midwest","C","GOP Hold",62,38,24,265997.07,42536.54,3500,NA,38485,1967.46,62069.48,NA,3307.95,10749.64,1443.88,800,NA,NA,NA,186.22
"170","SARA DADY FOR CONGRESS","C00654178","DADY, SARA","H8IL16120","DEM","IL",16,"midwest","C","GOP Hold",59.1,40.9,18.2,434244.87,12055.99,NA,NA,50139.58,33685.02,216015.11,4317.5,NA,8007.24,3578.65,6221.44,4134.5,NA,2039.13,8000
"171","BRYAN WITT FOR CONGRESS","C00654335","WITT, BRYAN","H8CA27112","DEM","CA",27,"west","C","Dem Hold",79.2,20.8,58.4,9900,NA,NA,NA,NA,NA,NA,NA,NA,NA,NA,NA,NA,NA,NA,NA
"172","LISA BROWN FOR CONGRESS","C00654400","BROWN, LISA","H8WA05193","DEM","WA",5,"west","C","GOP Hold",54.8,45.2,9.6,5702925.41,5560833.81,4561.13,233754.25,675113.98,112823.56,417976.54,10233.62,78470.3,24317.1,496389.91,22867.77,2608729.42,NA,NA,17096.25
"173","TRACY MITRANO FOR CONGRESS","C00654525","MITRANO, TRACY","H8NY23183","DEM","NY",23,"northeast","C","GOP Hold",54.2,45.8,8.4,2251264.62,73336.42,6200,5250,202283.16,7750,202032.29,689.04,5927.37,13214.19,33084.87,3799.4,NA,NA,NA,NA
"174","RICK KENNEDY FOR CONGRESS","C00654640","KENNEDY, RICHARD","H8TX17149","DEM","TX",17,"south","C","GOP Hold",56.8,41.3,15.5,125694.86,7964.01,5046.66,NA,NA,295.52,NA,NA,NA,NA,17464.23,NA,6003.25,1506.42,NA,438.45
"175","HOYOS FOR CONGRESS","C00654988","HOYOS, RENEE","H8TN02176","DEM","TN",2,"south","O","GOP Hold",65.9,33.1,32.8,347366.36,100347.97,NA,NA,14350,3132,NA,3823.94,2021.96,4277.27,2757.73,1460,92121.3,1730.7,NA,3460.77
"176","FRIENDS OF MARC FRIEDENBERG","C00655084","FRIEDENBERG, MARC","H8PA05204","DEM","PA",12,"northeast","O","GOP Hold",66,34,32,82671.92,8036.82,NA,NA,NA,4124.78,18040,3336.45,427.5,300,12403.31,828,2801.75,NA,NA,321.48
"177","ANITA FOR ARIZONA","C00655134","MALIK, ANITA","H8AZ06103","DEM","AZ",6,"west",NA,"GOP Hold",55.2,44.8,10.4,379959.47,133556.76,NA,3593.18,62164,9547.15,NA,NA,1263.67,8913.45,10002.24,20000,12376,NA,12495,13850
"178","FRIENDS OF DANA BALTER","C00655183","BALTER, DANA","H8NY24090","DEM","NY",24,"northeast",NA,"GOP Hold",52.6,47.4,5.2,2741662.89,1338788.63,45963.37,6250,204130.99,15605,383865.47,4397.76,18459.26,382.62,26829.58,NA,NA,NA,NA,12400
"179","BEAU FOR CONGRESS","C00655233","LIEGEOIS, BEAU","H8WI08045","DEM","WI",8,"midwest","C","GOP Hold",63.7,36.3,27.4,375897.04,201000,NA,31000,124143.35,38744.46,66140.25,NA,1380.48,NA,581.81,NA,1e+05,NA,NA,5000
"180","YVETTE4CONGRESS","C00655571","HERRELL, STELLA YVETTE","H8NM02156","REP","NM",2,"west","C","Dem Pickup",50.9,49.1,1.8,1340567.45,108836.05,17500,8743,159960.31,52656.07,5000,NA,1985.35,NA,27354.36,NA,NA,NA,NA,NA
"181","CAMPAIGN TO ELECT YVONNE HAYES HINSON US REPRESENTATIVE","C00655811","HINSON, YVONNE HAYES MS","H8FL03038","DEM","FL",3,"south","C","GOP Hold",57.6,42.4,15.2,55075.22,22193.88,NA,NA,6216.42,NA,NA,NA,NA,NA,NA,6074,6074,1268.33,NA,1553.65
"182","COMMITTEE TO ELECT KENDRA FERSHEE","C00655860","FERSHEE, KENDRA JEAN HUARD","H8WV01075","DEM","WV",1,"south","C","GOP Hold",64.6,35.4,29.2,289288.22,22410.58,NA,NA,93112.8,31510,NA,NA,1025.59,3129.7,11732.33,2521,NA,NA,2677.58,1100
"183","SHIREEN GHORBANI FOR CONGRESS","C00656280","GHORBANI, SHIREEN SARAH","H8UT02255","DEM","UT",2,"west","C","GOP Hold",56.1,38.9,17.2,431459.98,129553.34,NA,NA,25835.75,116.56,36118.15,8481.55,690.09,8792.21,4032.79,3250,63000,NA,3000,1160
"184","DINO FOR CONGRESS","C00656371","ROSSI, DINO","H8WA08205","REP","WA",8,"west","O","Dem Pickup",52.4,47.6,4.8,4854615.28,2783082.51,105700,14000,485935.56,233728.85,320022.16,NA,10209.04,35133.44,577664.31,NA,NA,NA,NA,NA
"185","COMMITTEE TO ELECT CATHY ALBRO FOR CONGRESS","C00656785","ALBRO, CATHERINE","H8MI03079","DEM","MI",3,"midwest","C","GOP Hold",54.4,43.2,11.2,148620.82,5206.14,NA,NA,10829.21,7391.07,48612.1,NA,NA,848.04,911.21,300,NA,NA,NA,4448.14
"186","LIUBA FOR CONGRESS","C00657015","GRECHEN SHIRLEY, LIUBOV LIUBA","H8NY02104","DEM","NY",2,"northeast","C","GOP Hold",53.1,46.9,6.2,2129046.96,NA,47336,89836,465503.15,45641.25,491275.76,5932.8,3729.18,26495.01,89990.57,NA,NA,NA,NA,9995
"187","RICK GREEN FOR CONGRESS","C00657098","GREEN, RICK","H8MA03114","REP","MA",3,"northeast","O","Dem Hold",62,33.5,28.5,1204278,99616.84,NA,3000,256303.73,102955.04,545,NA,1233.65,21034.5,4531.65,NA,NA,NA,NA,16293.09
"188","CANDIUS STEARNS FOR CONGRESS","C00657171","STEARNS, CANDIUS MRS.","H8MI09092","REP","MI",9,"midwest","O","Dem Hold",59.7,36.8,22.9,247191.24,4392.11,14185.2,NA,64656.56,6250,20550.5,NA,NA,3654.26,NA,1500,NA,NA,NA,NA
"189","FRIENDS OF TABITHA ISNER","C00657437","ISNER, TABITHA KAY","H8AL02197","DEM","AL",2,"south","C","GOP Hold",61.5,38.5,23,602567.49,405805.01,24513.3,NA,95463.95,24966.78,108978.66,6374.7,8109.98,11223.54,949.85,NA,2e+05,NA,499.73,7103.53
"190","FLACCAVENTO FOR CONGRESS","C00657619","FLACCAVENTO, ANTHONY JUDE MR","H8VA09066","DEM","VA",9,"south","C","GOP Hold",65.2,34.8,30.4,1049797.11,369595.95,37000,316,16750,30672.39,186614.07,45832.19,21921,15363.22,45354.53,2988.06,348770,893.2,NA,NA
"191","MEL HALL FOR CONGRESS","C00657635","HALL, MEL","H8IN02169","DEM","IN",2,"midwest","C","GOP Hold",54.8,45.2,9.6,6761871.49,134151,192600.38,105351.42,189473.12,18984.81,362176.53,143849.19,37503.66,9135.38,4584.3,NA,NA,NA,NA,NA
"192","JESSE COLVIN FOR CONGRESS","C00657650","COLVIN, JESSE","H8MD01193","DEM","MD",1,"south","C","GOP Hold",60,38.1,21.9,1940578.42,1515186.51,27000,9850,232703.21,81557.5,275350.52,137522.61,6034.04,8592.06,5799.1,3952.27,686065.98,NA,5659.5,7020
"193","KIMBERLIN BROWN PELZER FOR CONGRESS","C00657676","PELZER, KIMBERLIN BROWN","H8CA36170","REP","CA",36,"west","C","Dem Hold",59,41,18,851066.92,257935.92,NA,NA,248661.04,149055.37,34923.84,NA,5738.05,8727.65,7024.91,NA,256138.92,1297,NA,NA
"194","THEOBALD FOR CONGRESS","C00657718","THEOBALD, PAUL GILBERT","H8NE03095","DEM","NE",3,"midwest","C","GOP Hold",76.7,23.3,53.4,71575.28,10000,NA,NA,20000,NA,NA,589.25,NA,NA,306.99,NA,NA,NA,20000,NA
"195","FRIENDS OF STEVE NEGRON","C00657981","NEGRON, STEVE","H8NH02275","REP","NH",2,"northeast",NA,"Dem Hold",55.5,42.2,13.3,519425.89,50454.6,NA,5500,183834.81,6500,73479.31,NA,5045.86,6052,8912.72,1493.9,17004,2120,2000,2256
"196","TIM DONNELLY FOR CONGRESS","C00658021","DONNELLY, TIMOTHY M.","H8CA08120","REP","CA",8,"west","C","GOP Hold",60,40,20,282979.37,16252.25,2500,NA,8688,975,NA,NA,8703.25,30790.79,6183.94,4000,NA,NA,3981,450
"197","LINDA COLEMAN FOR CONGRESS","C00658286","COLEMAN, LINDA","H8NC02110","DEM","NC",2,"south","C","GOP Hold",51.4,45.7,5.7,1657939.82,878027.7,NA,27500,37411.18,5315,150423.87,NA,8054.23,1690.81,318855.13,12198.85,865150,NA,NA,878.66
"198","DENNY WOLFF FOR CONGRESS","C00658328","WOLFF, DENNY","H8PA11095","DEM","PA",9,"northeast","O","GOP Hold",59.7,40.3,19.4,1705392.89,407387.32,45000,31268.09,83601.72,50609.33,259913.17,48628.55,243.45,4970.52,76387.32,202,164543.72,NA,NA,2925
"199","JOSH WELLE FOR CONGRESS","C00658336","WELLE, JOSH","H8NJ04188","DEM","NJ",4,"northeast","C","GOP Hold",55.4,43.1,12.3,1995273.84,83977.32,30450,NA,138045.84,15030.71,349714.1,4346.53,7344.81,18648.7,47257.22,NA,28238.87,NA,250,2850
"200","DAVID SHAPIRO FOR CONGRESS","C00658419","SHAPIRO, M. DAVID","H8FL16055","DEM","FL",16,"south","C","GOP Hold",54.6,45.4,9.2,2870815.25,28664.16,37410.76,81600,69641.97,4519.25,294423.28,13138.22,3757.61,13229.26,39738.98,NA,NA,2704,20000,NA
"201","TEDESCHI FOR CONGRESS","C00658492","TEDESCHI, PETER D. MR.","H8MA09046","REP","MA",9,"northeast","C","Dem Hold",59.5,40.5,19,935211.24,45397.44,30089.56,7000,146529.33,71885,255043.22,NA,17945.94,16436.76,14807.26,NA,NA,NA,NA,NA
"202","MARTY FOR CONGRESS INC","C00658583","NOTHSTEIN, MARTY MR.","H8PA15245","REP","PA",7,"northeast","O","Dem Pickup",53.5,43.5,10,970529.74,654657.29,NA,38250,247095.23,26055.03,17311.79,NA,2713.31,5415.47,67299.14,12070.07,269999.4,2279,NA,NA
"203","TOFT FOR CONGRESS","C00658807","TOFT, STEVE","H8WI03103","REP","WI",3,"midwest","C","Dem Hold",59.7,40.3,19.4,355412.56,34335.52,NA,NA,109847.07,30284.1,75391.58,NA,1541.23,13812.23,2959.8,34335.52,NA,NA,NA,NA
"204","FRIENDS OF DAVID SMALLING","C00658849","SMALLING, DAVID","H8TX35026","REP","TX",35,"south","C","Dem Hold",71.3,26,45.3,45135.96,4696.62,NA,NA,NA,NA,NA,NA,NA,NA,NA,NA,NA,NA,1000,NA
"205","CHRIS DEPIZZO FOR CONGRESS","C00659151","DEPIZZO, CHRIS","H8OH13147","REP","OH",13,"midwest","C","Dem Hold",61,39,22,92770.9,64235.65,4800,3300,500,322.54,NA,NA,NA,906.25,NA,NA,NA,NA,NA,500
"206","WILLIAMS FOR MONTANA","C00659177","WILLIAMS, KATHLEEN","H8MT01232","DEM","MT",0,"west","C","GOP Hold",50.9,46.2,4.7,4132610.45,933.52,41000,75550,104752.12,15947.73,240674.22,NA,8265.73,12774.1,33029.09,NA,NA,NA,NA,11964.5
"207","HAYDEN SHAMEL FOR ARKANSAS","C00659235","SHAMEL, HAYDEN CATHERINE","H8AR04130","DEM","AR",4,"south","C","GOP Hold",66.8,31.3,35.5,154607.88,19168.6,NA,NA,59.06,1798.1,NA,NA,8523.7,7603.63,3910.6,6410,7919.84,3232.7,268.37,267.51
"208","CHRISTIAN L VALIENTE COMMITTEE TO ELECT FOR CONGRESS","C00659243","VALIENTE, CHRISTIAN","H8CA35115","REP","CA",35,"west","C","Dem Hold",69.4,30.6,38.8,7376.71,NA,NA,NA,NA,NA,NA,78.13,NA,NA,NA,NA,NA,NA,2970,NA
"209","HENRY MARTIN FOR CONGRESS","C00659367","MARTIN, HENRY ROBERT","H8MO06092","DEM","MO",6,"midwest","C","GOP Hold",65.4,32,33.4,35424.35,1552,NA,NA,NA,NA,4936.25,NA,NA,NA,369.28,1552,NA,NA,NA,220
"210","CATHERINE KRANTZ FOR CONGRESS","C00659813","KRANTZ, CATHERINE","H8TX04162","DEM","TX",4,"south","C","GOP Hold",75.7,23,52.7,21321.42,951.99,NA,NA,NA,94,NA,NA,NA,188.03,32,NA,NA,NA,NA,NA
"211","ELECT CAROLYN LONG","C00660472","LONG, CAROLYN N.","H8WA03198","DEM","WA",3,"west","C","GOP Hold",52.7,47.3,5.4,3997822.38,4505116.29,99084.82,4500,140266.85,49489.97,410409.74,760.57,15417.88,16397.05,196040.77,47000,2065879,598.25,NA,1822
"212","MARLA LIVENGOOD FOC CONGRESS","C00660852","LIVENGOOD, MARLA","H8CA09144","REP","CA",9,"west","C","Dem Hold",56.5,43.5,13,106131.44,NA,NA,NA,15184,NA,NA,1318.06,418.78,2235.47,417.85,NA,NA,NA,NA,3000
"213","JASON NICHOLS FOR CONGRESS","C00660977","NICHOLS, JASON","H8OK02148","DEM","OK",2,"south","C","GOP Hold",65,30.1,34.9,125826.66,25656.37,NA,NA,15314.68,10986.02,NA,134.41,3117.57,2584.78,15420,1243.8,NA,4011.12,2898,121.7
"214","CHINTAN DESAI FOR CONGRESS","C00661371","DESAI, CHINTAN","H8AR01029","DEM","AR",1,"south","C","GOP Hold",68.9,28.8,40.1,128810.44,8108,NA,NA,1570.1,1062.29,20655,NA,1094.03,2317.41,5537.21,8108,NA,NA,NA,NA
"215","KIMAZ FOR CONGRESS","C00661629","KIMAZ, NICOLAS T MR.","H8FL22061","REP","FL",22,"south","C","Dem Hold",62,38,24,202309.24,4005,3519.87,NA,54135.9,10487.25,NA,NA,NA,825.5,552.85,NA,NA,NA,4000,1075
"216","JOHN MCCANN FOR CONGRESS 2018","C00661637","MCCANN, JOHN JOSEPH MR. JR.","H8NJ05136","REP","NJ",5,"northeast","C","Dem Hold",56.2,42.5,13.7,936887.06,511998.8,21600,10500,131904.22,18884.11,NA,4504.52,4896.4,34843.93,96850.71,45300,143200,NA,27300,25353.65
"217","PETER YU FOR COLORADO","C00661678","YU, PETER","H8CO02251","REP","CO",2,"west","O","Dem Hold",60.3,33.6,26.7,65245.37,NA,NA,2250,910.83,NA,9278.64,NA,60.75,202.33,NA,NA,NA,NA,1165.12,5000
"218","JULIE FOR TEXAS 25","C00661769","OLIVER, JULIE LYNN","H8TX25159","DEM","TX",25,"south",NA,"GOP Hold",53.5,44.8,8.7,632906.66,30693.16,4000,NA,29277,22727.59,7525.67,21927.9,3969.73,7401.96,25090.08,NA,NA,NA,NA,3164.64
"219","DEWITT FOR CONGRESS","C00662270","DEWITT, JUSTIN","H8LA06154","DEM","LA",6,"south","C","GOP Hold",69.5,20.5,49,28683.64,NA,NA,500,2500,288.42,9160,NA,NA,NA,NA,NA,NA,NA,NA,NA
"220","PETERS FOR CONGRESS","C00662395","PETERS, CHRISTOPHER","H6IA02161","REP","IA",2,"midwest","C","Dem Hold",54.8,42.6,12.2,792498.89,70962.89,NA,NA,63150.56,24960.6,157700.78,NA,NA,189.35,2864.97,NA,NA,NA,NA,4311.1
"221","KATHY MANNING FOR CONGRESS","C00662577","MANNING, KATHY","H8NC13067","DEM","NC",13,"south","C","GOP Hold",51.6,45.5,6.1,4552110.42,5248361.94,156363.32,80421,161477.02,34800,617859.24,NA,39410.32,13241.34,59604.8,107375,2432395,NA,NA,1668
"222","MIKE SIEGEL FOR CONGRESS","C00662668","SIEGEL, MICHAEL","H8TX10110","DEM","TX",10,"south","C","GOP Hold",51.1,46.8,4.3,474055.08,70832.25,NA,59.47,76018.72,12126.56,7780.35,7580.05,984.26,5305.34,25358.06,NA,NA,NA,NA,3601.87
"223","SRI FOR CONGRESS","C00662874","KULKARNI, SRI PRESTON","H8TX22313","DEM","TX",22,"south","C","GOP Hold",51.4,46.5,4.9,1607626.57,505679.64,NA,11800.48,30621.83,5700,239569.92,NA,7027.1,1846.25,134735.98,5500,145014.66,NA,NA,1906.94
"224","ARONOFF FOR CONGRESS","C00662973","ARONOFF, PHILLIP ARNOLD","H8TX29094","REP","TX",29,"south","O","Dem Hold",75.1,23.9,51.2,105026.91,10027.3,NA,NA,29811.11,NA,NA,NA,NA,NA,23520.2,600,500,NA,7303.23,NA
"225","LEA MARQUEZ PETERSON FOR CONGRESS","C00663054","MARQUEZ PETERSON, LEA","H8AZ02185","REP","AZ",2,"west","O","Dem Pickup",54.7,45.3,9.4,1472575.33,NA,82980,NA,87077.12,115990.21,NA,NA,10347.08,15125.15,44177.77,NA,NA,NA,NA,NA
"226","RYAN MCADAMS FOR CONGRESS","C00663070","MCADAMS, RYAN A. MR.","H8VA04026","REP","VA",4,"south","C","Dem Hold",62.6,36,26.6,225482.16,5112.21,NA,NA,74216.83,31708.15,NA,17600.99,15380.69,12667.89,8970.94,NA,NA,NA,NA,1526.76
"227","BILLUPS FOR CONGRESS","C00663179","BILLUPS, WILLIE KAILAWN","H8TX33021","REP","TX",33,"south","C","Dem Hold",76.2,21.9,54.3,57650.49,NA,NA,NA,NA,NA,NA,NA,NA,NA,NA,NA,NA,NA,NA,3000
"228","SWISHER FOR IDAHO","C00663542","SWISHER, CARLTON AARON","H8ID02148","DEM","ID",2,"west","C","GOP Hold",60.7,39.3,21.4,122781.78,11198.16,NA,NA,35050,11000,NA,2841.54,566.9,649.74,1759.26,NA,2000,NA,374.41,NA
"229","COMMITTEE TO ELECT FRANK MCNEILL","C00663849","MCNEILL, FRANK","H8NC08083","DEM","NC",8,"south","C","GOP Hold",55.4,44.6,10.8,710100.53,173041.37,NA,35100,95592.93,NA,154860.77,NA,62.8,8165.85,93368.05,NA,40000,NA,NA,1651.37
"230","HARRY FOR CT INC.","C00664151","ARORA, HARRY","H8CT04214","REP","CT",4,"northeast","C","Dem Hold",60.9,39.1,21.8,768768.74,33374.44,NA,300,318482.27,NA,NA,NA,1355.69,5582.37,61.52,NA,NA,NA,NA,NA
"231","BRILL FOR CONGRESS","C00664342","BRILL, DAVID H","H8AZ04140","DEM","AZ",4,"west","C","GOP Hold",68.2,30.5,37.7,583261.61,30357.08,NA,NA,133117.36,11241.87,3856.25,7778.48,697.87,1495.3,NA,NA,NA,NA,NA,NA
"232","AUDREY DENNEY FOR CONGRESS","C00664409","DENNEY, AUDREY L","H8CA01257","DEM","CA",1,"west","C","GOP Hold",54.9,45.1,9.8,1133411.5,335547.46,42933.81,42933.81,140744.51,19716.7,NA,1602.14,6336.95,11190.77,136241.76,NA,NA,NA,5500,216
"233","CHRIS HUNTER FOR CONGRESS","C00664417","HUNTER, CHRISTOPHER J.","H8FL12088","DEM","FL",12,"south","C","GOP Hold",58.1,39.7,18.4,864769.34,182712.47,NA,3000,192544.85,NA,130544.52,NA,17982.79,7631.63,78325.54,250,NA,NA,1947.91,NA
"234","FRIENDS FOR THORNTON","C00664797","THORNTON, DIERDRE","H8IN05188","DEM","IN",5,"midwest","C","GOP Hold",56.8,43.2,13.6,167016.51,30126.54,NA,NA,28950,21831.81,NA,528.77,NA,2726.75,1176.69,2529,8712.5,NA,NA,NA
"235","LEE AUMAN FOR UNITED STATES CONGRESS","C00665182","AUMAN, JAMES LEE","H8AL04094","DEM","AL",4,"south","C","GOP Hold",79.9,20.1,59.8,74382.58,1042.39,NA,NA,NA,250,16945.61,92.67,NA,2552.44,40,NA,NA,NA,3000,NA
"236","KATY GEPPERT FOR CONGRESS","C00665216","GEPPERT, KATY","H8MO03198","DEM","MO",3,"midwest","C","GOP Hold",65.1,32.8,32.3,34320.93,NA,NA,NA,9680.51,8145,NA,NA,NA,202.39,487.21,NA,NA,NA,NA,NA
"237","DAN DAVID FOR CONGRESS","C00665331","DAVID, DAN","H8PA15286","REP","PA",4,"northeast","O","Dem Hold",63.5,36.5,27,515417.73,232756.76,22891,9080,194542.97,13525.55,NA,NA,1098,1418.62,11100,NA,106693.06,NA,NA,21398.31
"238","FRIENDS OF SALVATORE CAIOZZO","C00665349","CAIOZZO, SALVATORE","H6RI02284","REP","RI",2,"northeast","C","Dem Hold",63.6,36.4,27.2,3335.33,NA,NA,NA,3000,NA,NA,NA,NA,NA,NA,NA,NA,NA,NA,NA
"239","LORCH FOR CONGRESS","C00665356","LORCH, MARK WAYNE","H8IL04175","REP","IL",4,"midwest","O","Dem Hold",86.6,13.4,73.2,7792.07,287.64,NA,NA,1000,NA,NA,NA,160.23,1599.77,NA,NA,NA,NA,4465.79,NA
"240","THERESA GASPER FOR CONGRESS","C00665471","GASPER, THERESA","H8OH10119","DEM","OH",10,"midwest","C","GOP Hold",55.9,42.2,13.7,1321633.9,475,NA,67728.32,769813.22,3341.7,314487.01,78906,2987.31,5600,39733.18,NA,NA,NA,NA,NA
"241","DIANE HARKEY FOR CONGRESS","C00665513","HARKEY, DIANE","H8CA49082","REP","CA",49,"west","O","Dem Pickup",56.4,43.6,12.8,1937389.53,169411.25,56500,7500,196352.29,187570.84,NA,NA,4597.85,36174.53,146897.62,114080,NA,NA,NA,NA
"242","CASPER FOR COLORADO","C00665588","STOCKHAM, CHARLES (CASPER) WESLEY","H8CO01162","REP","CO",1,"west","C","Dem Hold",73.8,23,50.8,28816.74,3276.95,NA,NA,NA,1789.72,NA,1701.48,1656.01,837.23,NA,NA,NA,NA,NA,11211
"243","YOUNG KIM FOR CONGRESS","C00665638","KIM, YOUNG","H8CA39240","REP","CA",39,"west",NA,"Dem Pickup",51.6,48.4,3.2,3109207.31,3001669.63,93375,NA,282246.32,151499.88,342164.9,NA,31430.64,21409.58,217780.66,NA,1288727,NA,NA,3506
"244","COMMITTEE TO ELECT PAUL WALKER","C00665679","WALKER, PAUL","H8KY01074","DEM","KY",1,"south","C","GOP Hold",68.6,31.4,37.2,47548.47,5588.08,NA,NA,NA,NA,NA,NA,NA,NA,NA,1861,NA,NA,NA,250
"245","FRIENDS OF KATHRYN LEWIS","C00665919","LEWIS, KATHYRN","H8VA06195","REP","VA",6,"south","O","GOP Hold",59.8,40.2,19.6,5735.28,NA,NA,NA,NA,NA,NA,NA,NA,NA,NA,NA,NA,NA,NA,500
"246","PIERSON FOR CONGRESS","C00666107","PIERSON, JOE NICOLAS","H8AZ03159","REP","AZ",3,"west","C","Dem Hold",63.9,36.1,27.8,78624.69,26335.28,NA,NA,228,NA,NA,40,NA,265,98.35,6125,NA,2500,NA,770
"247","SETH HALL FOR CONGRESS","C00666131","HALL, SETH BLANE 1962","H8KY04169","DEM","KY",4,"south","C","GOP Hold",62.2,34.6,27.6,34909.34,1250,NA,NA,23669.5,2669.5,NA,NA,800,500,NA,NA,NA,NA,NA,717
"248","DR. JIM MAXWELL FOR CONGRESS","C00666164","MAXWELL, JAMES T. DR","H8NY25097","REP","NY",25,"northeast","C","Dem Hold",59,41,18,988317.16,168368.84,51052,8560.5,49199.96,22589.66,133848.21,NA,794.03,1073.24,3205.4,NA,NA,NA,NA,NA
"249","SANJAY PATEL FOR CONGRESS","C00666404","PATEL, SANJAY SOMABHAI","H8FL08102","DEM","FL",8,"south","C","GOP Hold",60.5,39.5,21,331798.9,74214.8,NA,NA,6374,444.2,52302.09,NA,1262.35,1451.07,31970.29,NA,NA,NA,NA,NA
"250","FRIENDS OF CLINT KOBLE","C00666420","KOBLE, CLINT MATTHEW MR.","H8NV02095","DEM","NV",2,"west","C","GOP Hold",58.2,41.8,16.4,151482.37,18651.09,NA,NA,30114.47,2172.82,NA,NA,290,661.6,4740.92,NA,NA,NA,250,689.58
"251","NATE MCMURRAY FOR CONGRESS","C00666453","MCMURRAY, NATHAN DOUGLAS","H8NY27176","DEM","NY",27,"northeast","O","GOP Hold",49.1,48.8,0.3,1251950.06,15284.24,NA,NA,159410.25,6136.94,NA,NA,592.82,1956,8061.76,NA,NA,521.8,2700,2063.45
"252","COMMITTEE TO ELECT KIMBERLY BIZON","C00666594","BIZON, KIMBERLY ANN","H8MI10108","DEM","MI",10,"midwest","C","GOP Hold",60.3,35,25.3,49183.28,3592.87,NA,NA,NA,NA,NA,350.12,700,550,175,1467,NA,1684,NA,NA
"253","BERGMANN FOR CONGRESS 2018","C00666685","BERGMANN, CHARLOTTE","H8TN09114","REP","TN",9,"south","C","Dem Hold",80,19.2,60.8,69099.64,2103.81,8000,500,NA,NA,NA,NA,NA,NA,NA,NA,NA,NA,120.62,NA
"254","JILL SCHILLER FOR CONGRESS","C00666743","SCHILLER, JILL","H8OH02124","DEM","OH",2,"midwest","C","GOP Hold",57.6,41.2,16.4,682539.05,186744.71,35800,8016.95,131817.94,19235,196853.39,12257.97,3772.29,2150.08,64385.54,NA,70400,NA,NA,NA
"255","FRANCYS JOHNSON FOR CONGRESS","C00666941","JOHNSON, FRANCYS","H8GA12078","DEM","GA",12,"south","C","GOP Hold",59.5,40.5,19,260760.21,6143.75,NA,NA,5500,NA,12564.06,NA,7982.4,7349.58,NA,1600,500,1238.58,800,3697.02
"256","SCOTT WALLACE FOR CONGRESS","C00667097","WALLACE, HENRY SCOTT","H8PA08174","DEM","PA",1,"northeast","O","GOP Hold",51.3,48.7,2.6,14157483.75,18346374.71,245970.79,75991.25,490760.98,56554.92,1374408.13,NA,20809.78,15171.03,1528954.19,NA,8646987.23,NA,NA,NA
"257","COMMITTEE TO ELECT ENOCH","C00667279","ENOCH, VANESSA L. DR.","H8OH08097","DEM","OH",8,"midwest","C","GOP Hold",66.6,33.4,33.2,42407.05,NA,NA,NA,NA,250,NA,NA,NA,NA,NA,NA,NA,NA,NA,127.61
"258","AFTAB FOR OHIO","C00667519","PUREVAL, AFTAB","H8OH01118","DEM","OH",1,"midwest","C","GOP Hold",51.3,46.9,4.4,4220971.34,49582.25,130490,22457.07,261225.97,28557.5,NA,NA,28383.8,15021.56,17508,300,295.24,4000,NA,NA
"259","COMMITTEE TO ELECT GEORGE BUCK, PHD","C00667808","BUCK, GEORGE WILLIAM PHD","H8FL13136","REP","FL",13,"south","C","Dem Hold",57.6,42.4,15.2,35171.27,8000,NA,NA,2000,NA,NA,NA,NA,410.76,NA,NA,NA,NA,NA,254.53
"260","SUSAN MORAN PALMER FOR CONGRESS","C00667915","PALMER, SUSAN MORAN","H8OH16157","DEM","OH",16,"midwest","O","GOP Hold",56.7,43.3,13.4,485268.05,19141.25,24614.44,3000,46858.39,3600,74238.85,NA,NA,371.33,2683.95,NA,14141.25,NA,NA,1700.77
"261","COMMITTEE TO ELECT ROBERT KENNEDY, JR. FOR U.S. CONGRESS","C00667949","KENNEDY, ROBERT JR.","H8AL01066","DEM","AL",1,"south","C","GOP Hold",63.2,36.8,26.4,159098.49,8115.6,NA,NA,11820.25,1462.53,NA,NA,268.48,NA,1225.74,NA,NA,NA,NA,NA
"262","O'CONNOR FOR CONGRESS","C00667964","O'CONNOR, DANIEL JAY","H8OH12297","DEM","OH",12,"midwest","O","GOP Hold",51.4,47.2,4.2,8558236.92,9829.61,143878.76,22000,110525.55,19805.97,70448.01,NA,8511.95,4404.96,6563.56,NA,NA,NA,NA,6900
"263","HANK 4 KY","C00668194","LINDERMAN, HANK","H8KY02080","DEM","KY",2,"south","C","GOP Hold",66.7,31.1,35.6,163977.38,10173,NA,NA,51262.5,183,NA,NA,1567.15,1188.82,6367.2,NA,NA,NA,9498,7274.27
"264","GREG MCCAULEY FOR CONGRESS","C00668400","MCCAULEY, GREGORY MICHAEL","H8PA07192","REP","PA",6,"northeast","O","Dem Pickup",58.9,41.1,17.8,275242.12,31662.6,NA,NA,53878.06,29524.36,NA,NA,3157.73,766.41,1127,NA,NA,NA,NA,2700
"265","MALLORY HAGAN FOR CONGRESS","C00668574","HAGAN, MALLORY","H8AL03054","DEM","AL",3,"south","C","GOP Hold",63.8,36.2,27.6,540627.48,24568.19,NA,NA,38956,23456,251247.52,702.69,327,3186.91,7236.83,NA,NA,NA,NA,1190.43
"266","GLISSON FOR CONGRESS","C00668699","GLISSON, VICKIE YATES BROWN","H8KY03211","REP","KY",3,"south","C","Dem Hold",62.1,36.6,25.5,719154.75,67813.38,NA,10500,48644.93,7368.63,65819.92,NA,3698.09,6089.44,6743.65,17179.6,NA,NA,NA,NA
"267","JENNIFER ZIMMERMAN FOR CONGRESS","C00668715","ZIMMERMAN, JENNIFER MIJARES DR.","H8FL01115","DEM","FL",1,"south","C","GOP Hold",67.1,32.9,34.2,52923.27,5258.99,NA,NA,NA,1000,NA,NA,559.47,1692.78,1040.13,NA,NA,NA,NA,NA
"268","O'DONNELL FOR CONGRESS","C00668798","O'DONNELL, JAMES D","H8NY18274","REP","NY",18,"northeast","C","Dem Hold",55.5,44.5,11,277586.14,7776,NA,5000,91716.4,NA,NA,NA,NA,1650,5354.87,7776,NA,NA,5341.99,NA
"269","WEBBER FOR CONGRESS","C00669069","WEBBER, JAY","H8NJ11217","REP","NJ",11,"northeast","O","Dem Pickup",56.8,42.1,14.7,1644074.1,30294,80250,16500,37574.51,80976.16,194834.93,NA,NA,8076.97,114125.91,NA,NA,NA,NA,NA
"270","FRIENDS OF MARGARET ENGEBRETSON","C00669143","ENGEBRETSON, MARGARET RUTH","H8WI07096","DEM","WI",7,"midwest","C","GOP Hold",60.1,38.5,21.6,129612.26,24581.76,NA,NA,5000,1855.54,8146.81,3208.73,9880.51,341.34,297.93,NA,NA,206.45,NA,114.07
"271","STEPP FOR KENTUCKY","C00669200","STEPP, KENNETH STEPHENSON","H6KY05111","DEM","KY",5,"south","C","GOP Hold",78.9,21.1,57.8,1789.45,740.28,NA,NA,NA,NA,NA,NA,NA,NA,33.32,NA,150,NA,NA,NA
"272","FINANCE COMMITTEE FOR THOMAS OH","C00669507","OH, THOMAS","H8VA08159","REP","VA",8,"south","C","Dem Hold",76.3,23.7,52.6,68123.96,11111.79,NA,NA,1180.2,1909.2,2922.25,NA,NA,NA,3829.06,500,NA,1575,1500,1114
"273","TRACY LOVVORN FOR CONGRESS","C00669614","LOVVORN, TRACY LYN","H8MA02116","REP","MA",2,"northeast","C","Dem Hold",67.2,32.8,34.4,34933.87,4435.76,NA,NA,NA,NA,NA,NA,NA,32.35,NA,NA,NA,NA,NA,NA
"274","COMMITTEE TO ELECT SHAWNA ROBERTS","C00670232","ROBERTS, SHAWNA","H8OH06133","DEM","OH",6,"midwest","C","GOP Hold",69.3,30.7,38.6,29869.62,NA,NA,NA,NA,NA,15150,NA,515.57,NA,NA,NA,NA,NA,NA,NA
"275","FRIENDS OF SUSAN BOSER","C00670364","BOSER, SUSAN","H8PA09065","DEM","PA",15,"northeast","O","GOP Hold",67.8,32.2,35.6,141781.38,11594.08,NA,NA,6000,25419.77,1750,NA,2714.65,906.25,6824.62,3950,NA,2917.51,374.37,NA
"276","THE COMMITTEE TO ELECT HERMAN WEST JR","C00670380","WEST, HERMAN JR.","H8GA02087","REP","GA",2,"south","C","Dem Hold",59.6,40.4,19.2,15776.98,600,NA,NA,NA,NA,NA,NA,519.27,2450,NA,300,NA,NA,NA,NA
"277","COMMITTEE FOR BARRINGTON","C00670505","BARRINGTON, MARK","H8CO07094","REP","CO",7,"west","C","Dem Hold",60.4,35.4,25,52108.49,2772.88,NA,NA,34950,NA,NA,1626.81,774.9,1312.41,NA,NA,NA,NA,NA,NA
"278","ROGER ALLISON FOR CONGRESS","C00670828","ALLISON, ROGER","H8NC01104","REP","NC",1,"south","C","Dem Hold",69.8,30.2,39.6,41902.86,274.4,NA,NA,NA,14381.73,NA,NA,2000,788.63,NA,274.4,NA,NA,NA,NA
"279","CLARKE TUCKER FOR CONGRESS","C00671156","TUCKER, EVERETT CLARKE IV","H8AR02159","DEM","AR",2,"south","C","GOP Hold",52.1,45.8,6.3,2367158.33,2796669.9,73306.4,1000,110755.25,94965.99,212456.93,NA,18700.14,54837.6,72261.18,1238485,1244087,39.96,NA,7168
"280","COMMITTEE TO ELECT DAWN BARLOW FOR CONGRESS","C00671263","BARLOW, DAWN","H8TN06128","DEM","TN",6,"south","O","GOP Hold",69.5,28.3,41.2,41836.64,13396.05,NA,NA,1029,500,NA,NA,NA,NA,NA,8507.92,NA,NA,6488.98,NA
"281","RUDY PETERS FOR CONGRESS","C00671370","PETERS, RUDY PETERS","H8CA15117","REP","CA",15,"west","C","Dem Hold",73,27,46,76663.26,36234.89,NA,NA,12102.98,NA,NA,NA,NA,NA,1453.72,4626,7600,NA,9581.61,2379.13
"282","SELMONT4CONGRESS","C00671446","SELMONT, GEORGE AUSTIN","H8FL04085","DEM","FL",4,"south","C","GOP Hold",65.2,32.4,32.8,108785.8,2550,NA,NA,14521.56,1266.88,2910,4720.02,262,6224.85,198.4,NA,700,NA,NA,4256.71
"283","BRISCOE 4 CONGRESS","C00671784","BRISCOE, JOHN","H8CA47078","REP","CA",47,"west","C","Dem Hold",64.9,35.1,29.8,55976.88,3500,NA,NA,NA,NA,NA,NA,NA,NA,13902,NA,NA,3500,NA,NA
"284","MARIA ELVIRA SALAZAR FOR CONGRESS","C00671859","SALAZAR, MARIA ELVIRA","H8FL27185","REP","FL",27,"south","O","Dem Pickup",51.8,45.8,6,2097963.47,362177.04,50400,28450,255390.51,125908.48,1250,NA,3373.82,29126.38,142544.92,174695,182282.04,NA,17000,36204.12
"285","J LEE CASTILLO FOR CONGRESS","C00671982","CASTILLO, LEE MR","H8UT01158","DEM","UT",1,"west","C","GOP Hold",61.6,24.9,36.7,21699.61,862,NA,NA,NA,581.49,NA,NA,NA,1289.65,NA,NA,NA,NA,NA,NA
"286","GRESSMANN FOR CONGRESS COMMITTEE","C00671990","GRESSMANN, GERHARD RALF REV","H8SC06107","REP","SC",6,"south","C","Dem Hold",70.2,28.3,41.9,2127.14,NA,NA,NA,NA,NA,NA,1681.13,NA,NA,NA,NA,NA,NA,NA,NA
"287","BRANDON BROWN FOR CONGRESS","C00672162","BROWN, BRANDON PENDARVIS","H8SC04300","DEM","SC",4,"south","O","GOP Hold",59.6,36.6,23,69059.99,17405.34,NA,NA,1000,3416.75,NA,1742.66,2500,3684.41,3000,800,NA,NA,NA,NA
"288","FRIENDS OF NAOMI","C00672360","LEVIN, NAOMI","H8NY10099","REP","NY",10,"northeast","C","Dem Hold",82.1,17.9,64.2,71397.63,4475,NA,NA,5000,4248.5,NA,NA,4419.09,500,NA,750,NA,1575,NA,91.32
"289","AJA BROWN FOR CONGRESS","C00672436","BROWN, AJA","H8CA44117","DEM","CA",44,"west","C","Dem Hold",68.3,31.7,36.6,31065.38,NA,NA,NA,2550,2550,NA,NA,NA,NA,NA,NA,NA,NA,NA,NA
"290","HIDALGO FOR CONGRESS","C00672451","HIDALGO, JUAN","H8CA51062","REP","CA",51,"west","C","Dem Hold",71.2,28.8,42.4,59874.84,24032,NA,NA,NA,250,NA,NA,1736.32,3000.88,628.16,2912,11347.5,NA,7133.8,630
"291","FULLER FOR CONGRESS","C00672568","FULLER, VIRGINIA","H8FL05157","REP","FL",5,"south","C","Dem Hold",66.8,33.2,33.6,55475.53,8166.69,NA,NA,300,NA,NA,37.81,3075.21,2400,28.7,NA,76.33,NA,NA,177.62
"292","MURTAUGH FOR CONGRESS","C00672824","MURTAUGH, MORGAN","H8CA53084","REP","CA",53,"west","C","Dem Hold",69.1,30.9,38.2,110874.86,3936.36,NA,NA,500,NA,NA,NA,NA,450,20592.08,NA,NA,NA,NA,NA
"293","JOHN ELLESON FOR CONGRESS","C00672907","ELLESON, JOHN D","H8IL09224","REP","IL",9,"midwest","C","Dem Hold",73.5,26.5,47,72875.17,58.61,NA,NA,NA,NA,NA,NA,NA,NA,NA,NA,NA,NA,NA,NA
"294","GILPIN FOR CONGRESS 2018","C00672931","GILPIN, TIM","H8OK01173","DEM","OK",1,"south","O","GOP Hold",59.3,40.7,18.6,433985.14,50370.31,NA,NA,12000,NA,99575.6,2014.07,NA,20302.94,20336.5,10955.59,38915,300,NA,NA
"295","SCHNEIDER FOR CONGRESS","C00672956","SCHNEIDER, JOSEPH","H8MA06133","REP","MA",6,"northeast","C","Dem Hold",65.2,31.4,33.8,267231.79,NA,1100,NA,153424.03,31692,NA,NA,13970.05,1000,NA,NA,NA,NA,NA,NA
"296","REMMER FOR CONGRESS","C00672980","REMMER, LISA","H8CA12270","REP","CA",12,"west","C","Dem Hold",86.8,13.2,73.6,26066.23,NA,NA,NA,NA,NA,NA,NA,NA,213.2,NA,NA,NA,NA,NA,1571.64
"297","CHARLES SCHAUPP FOR CONGRESS 2018","C00673129","SCHAUPP, CHARLES EUGENE","H6CA03067","REP","CA",3,"west","C","Dem Hold",58.1,41.9,16.2,27019.88,NA,NA,NA,NA,NA,NA,NA,NA,NA,NA,NA,NA,NA,NA,NA
"298","DANA COTTRELL CAMPAIGN ACCOUNT","C00673145","COTTRELL, DANA","H8FL11130","DEM","FL",11,"south","C","GOP Hold",65.2,34.8,30.4,76591.69,NA,NA,NA,NA,325,NA,NA,NA,250,315,NA,NA,NA,NA,NA
"299","FRIENDS OF DAVID CALLAHAN","C00673202","CALLAHAN, DAVID ALAN","H8GA13035","REP","GA",13,"south","C","Dem Hold",76.2,23.8,52.4,24720.69,2900,NA,NA,NA,NA,NA,NA,NA,NA,NA,2900,NA,NA,NA,15
"300","TEAM GAYOT","C00673244","GAYOT, LUTCHI","H8NY09174","REP","NY",9,"northeast","C","Dem Hold",89.3,10.3,79,3500,NA,NA,NA,NA,NA,NA,NA,NA,NA,NA,NA,NA,NA,NA,NA
"301","DINICOLA FOR CONGRESS","C00673350","DINICOLA, RONALD A. MR.","H4PA21069","DEM","PA",16,"northeast","C","GOP Hold",51.6,47.3,4.3,1867809.71,2275370.71,2500,42469.1,63015.74,60921.17,299655.1,NA,1407.94,12130,1476.53,NA,1122000,1252.96,NA,6264.81
"302","VOTE MIMI METHVIN","C00673384","METHVIN, MIMI","H8LA03094","DEM","LA",3,"south","C","GOP Hold",55.7,17.8,37.9,252446.06,78767.01,4500,300,11275.13,NA,NA,2400,2741.39,21644.76,633,NA,NA,NA,NA,NA
"303","SANTOS FOR CONGRESS","C00673467","SANTOS, MANNY","H8CT05187","REP","CT",5,"northeast","O","Dem Hold",55.8,44.2,11.6,80363.2,31214.97,NA,NA,7450,2450,NA,445.17,2007.45,3452.7,96,6016,NA,NA,NA,NA
"304","MAC SCHNEIDER FOR NORTH DAKOTA","C00673533","SCHNEIDER, MAC SCHNEIDER","H8ND00112","DEM","ND",0,"midwest","O","GOP Hold",60.3,35.6,24.7,869805.07,336454.21,500,5000,159404.93,16910.7,185886.63,NA,540.87,6551.41,10290.99,NA,NA,1382.57,NA,3139.93
"305","PEARL KIM FOR CONGRESS","C00673681","KIM, PEARL","H8PA05295","REP","PA",5,"northeast","C","Dem Pickup",65.2,34.8,30.4,519133.71,10567,NA,7727.27,125579.98,12923.03,NA,NA,4046.56,9431.28,2394.11,NA,NA,NA,NA,NA
"306","COMMITTEE TO ELECT JAMES SINGER","C00673749","SINGER, JAMES COURAGE","H8UT03402","DEM","UT",3,"west","C","GOP Hold",67.5,27.3,40.2,28956.74,2046.81,NA,NA,500,NA,500,NA,NA,NA,NA,NA,NA,NA,NA,NA
"307","BENITO BENNY BERNAL FOR CONGRESS 2018","C00673772","BERNAL, BENITO BENNY","H6CA29203","REP","CA",29,"west","C","Dem Hold",80.6,19.4,61.2,3456.79,NA,NA,NA,NA,NA,NA,NA,NA,NA,NA,NA,NA,NA,NA,NA
"308","COMMITTEE TO ELECT JAMIE SCHOOLCRAFT","C00673871","SCHOOLCRAFT, JAMIE DANIEL","H8MO07223","DEM","MO",7,"midwest","C","GOP Hold",66.2,30.1,36.1,54880.61,8453.31,NA,NA,990,7526.52,NA,NA,NA,NA,NA,450,7777,NA,NA,NA
"309","JINEEA BUTLER FOR CONGRESS","C00673996","BUTLER, JINEEA THE NEW AM","H8NY13150","REP","NY",13,"northeast","C","Dem Hold",94.6,5.4,89.2,5580.57,NA,NA,NA,NA,NA,NA,NA,NA,NA,NA,NA,NA,NA,NA,110.04
"310","JOHNSON-GREEN FOR CONGRESS","C00674143","JOHNSON-GREEN, TABITHA","H8GA10197","DEM","GA",10,"south","C","GOP Hold",62.9,37.1,25.8,17601.79,NA,NA,NA,NA,3750,NA,NA,1434.76,673.42,NA,NA,NA,NA,NA,220.08
"311","DAVISFORCONGRESS","C00674416","DAVIS, RICHMOND","H8MD07083","REP","MD",7,"south","C","Dem Hold",76.5,21.3,55.2,21279.94,3120.1,NA,NA,1250,100,NA,NA,NA,NA,NA,NA,NA,NA,250,NA
"312","KRAUS FOR CONGRESS - OHIO 9TH DISTRICT","C00674838","KRAUS, STEVEN WAYNE MR.","H8OH09111","REP","OH",9,"midwest","C","Dem Hold",67.8,32.2,35.6,39624.23,2884,NA,NA,NA,2709.71,NA,NA,NA,7500,280,2884,NA,NA,NA,NA
"313","BRENT OTTAWAY FOR CONGRESS","C00674887","OTTAWAY, BRENT M","H8PA13133","DEM","PA",13,"northeast","C","GOP Hold",70.5,29.5,41,30484.43,8614.24,NA,NA,NA,348.4,NA,8675.81,61.68,50,NA,NA,NA,NA,NA,NA
"314","FRIENDS OF PAUL DILKS","C00675017","DILKS, PAUL E","H8NJ01259","REP","NJ",1,"northeast","C","Dem Hold",64.4,33.3,31.1,13574.83,6674.75,NA,NA,NA,639.75,NA,497.25,NA,NA,NA,500,NA,NA,NA,NA
"315","BOERIO FOR CONGRESS","C00675041","BOERIO, BIBIANA","H8PA14065","DEM","PA",14,"northeast","C","GOP Pickup",57.9,42.1,15.8,680985.59,4126,14300,1000,4750,NA,NA,NA,NA,3116.05,343.12,NA,NA,NA,NA,5000
"316","BENNO FOR CONGRESS","C00675587","BENNO, AMEER","H8NY04084","REP","NY",4,"northeast","C","Dem Hold",61.3,38.7,22.6,72158,9075,NA,NA,NA,509.57,NA,NA,2820.63,NA,NA,NA,NA,8650,NA,8393.35
"317","STEVE FOSTER FOR CONGRESS","C00675686","FOSTER, STEVEN","H8GA14025","DEM","GA",14,"south","C","GOP Hold",76.5,23.5,53,6964.83,NA,NA,NA,NA,380,NA,NA,NA,NA,78.39,NA,NA,NA,NA,20.16
"318","JOE PROFIT FOR CONGRESS LLC","C00675777","PROFIT, JOSEPH","H8GA04125","REP","GA",4,"south","C","Dem Hold",78.8,21.2,57.6,79051.16,2000,NA,NA,NA,NA,1600,NA,225,NA,NA,2000,NA,NA,NA,5052.15
"319","COMMITTEE TO ELECT FLYNN D. BROADY JR.","C00675959","BROADY, FLYNN D. JR.","H8GA11062","DEM","GA",11,"south","C","GOP Hold",61.8,38.2,23.6,43634.3,3900,NA,NA,269,2633.21,700,NA,NA,1000,48.46,NA,NA,NA,NA,2998
"320","CRISTINA MCNEIL FOR CONGRESS","C00676163","MCNEIL, ANA","H8ID01215","DEM","ID",1,"west","O","GOP Hold",62.7,30.8,31.9,16701.75,5892.01,NA,375,2500,NA,NA,205,NA,NA,NA,NA,NA,NA,860.47,525
"321","GROSSMAN FOR CONGRESS COMMITTEE","C00676726","GROSSMAN, SETH","H8NJ02232","REP","NJ",2,"northeast","O","Dem Pickup",52.9,45.2,7.7,313728.01,37401.75,NA,NA,9459,4689.24,15919.29,NA,625.33,2119.34,547.45,4466.65,NA,NA,2093.3,1501.6
"322","JENNIFER ZIELINSKI FOR CONGRESS","C00676734","ZIELINSKI, JENNIFER L","H8MN05213","REP","MN",5,"midwest","O","Dem Hold",78.2,21.8,56.4,19426.37,3392.3,NA,NA,NA,NA,2000,NA,NA,1335.59,NA,2764,NA,628.3,NA,NA
"323","WILLIAMS FOR CONGRESS","C00677062","WILLIAMS, ROBERT","H8SC07063","DEM","SC",7,"south","C","GOP Hold",59.6,40.4,19.2,25384.87,904,NA,NA,2500,NA,NA,NA,NA,NA,NA,604,NA,NA,NA,NA
"324","KRISTEN CARLSON FOR CONGRESS COMMITTEE","C00677096","CARLSON, KRISTEN","H8FL15271","DEM","FL",15,"south","O","GOP Hold",53,47,6,2133044.92,2958548,NA,59900,51094.57,12349.48,152100.19,NA,6866.69,6551.85,131529.31,NA,1479274,NA,NA,NA
"325","PEOPLE FOR RYAN TRUNDLE","C00677179","TRUNDLE, RYAN","H8LA04282","DEM","LA",4,"south","C","GOP Hold",64.2,33.6,30.6,20346.75,NA,NA,NA,NA,NA,NA,NA,NA,NA,NA,NA,NA,NA,NA,NA
"326","FRIENDS AND FAMILY OF MARY BRANNON FOR CONGRESS","C00678060","BRANNON, MARY","H8OK04094","DEM","OK",4,"south","C","GOP Hold",63.1,33,30.1,8660.44,477.76,NA,NA,NA,NA,NA,NA,255,NA,7,NA,NA,228,NA,NA
"327","COMMITTEE TO ELECT TAMMY SAVOIE","C00678326","SAVOIE, TAMMY MARIE DR","H8LA01122","DEM","LA",1,"south","C","GOP Hold",71.5,16.4,55.1,264344.35,NA,NA,NA,44846.22,25316.19,NA,NA,2034.21,NA,1441.37,NA,NA,NA,5198.13,1600
"328","LAKE FOR CONGRESS","C00678557","LAKE, JEANNINE LEE","H8IN06152","DEM","IN",6,"midwest","O","GOP Hold",63.8,32.9,30.9,49816.57,2140.64,NA,NA,750,644.32,8000,NA,413.38,10743.75,5.93,NA,NA,NA,NA,1375
"329","DIGHTMAN FOR CONGRESS","C00679571","DIGHTMAN, DOUGLAS","H8WA06100","REP","WA",6,"west","C","Dem Hold",63.9,36.1,27.8,40400.78,11233,NA,NA,1500,NA,529.24,NA,NA,NA,NA,NA,10838,NA,NA,NA
"330","HUNTERFORWYOMING","C00679852","HUNTER, GREG","H8WY01062","DEM","WY",0,"west","C","GOP Hold",63.7,29.8,33.9,41574.34,NA,NA,NA,NA,NA,1800,NA,1500,200,7081.7,NA,NA,NA,NA,250
"331","RICH PEZZULLO FOR CONGRESS","C00680249","PEZZULLO, RICHARD J.","H8NJ10110","REP","NJ",6,"northeast","C","Dem Hold",63.6,36.4,27.2,48695.91,4940,NA,NA,NA,450,13785.11,2000,NA,2449.69,22.16,4940,NA,NA,NA,NA
"332","BRYAN FOR PA","C00680256","LEIB, BRYAN","H6PA01165","DEM","PA",3,"northeast","C","Dem Hold",93.4,6.6,86.8,8770.22,449,NA,NA,5000,NA,NA,NA,1125.14,NA,NA,NA,NA,NA,449,NA
"333","BEELER4CONGRESS","C00680264","BEELER, JEFFREY ALLEN SR","H8WA01077","REP","WA",1,"west","C","Dem Hold",59.3,40.7,18.6,16488.52,1956.67,NA,NA,NA,NA,NA,NA,NA,1571.08,NA,NA,NA,NA,NA,NA
"334","JOHN MUNIZ FOR CONGRESS","C00680611","MUNIZ, JOHN R","H8NJ08080","REP","NJ",8,"northeast","C","Dem Hold",78.1,18.7,59.4,5494.99,700,NA,NA,NA,NA,NA,NA,NA,NA,NA,NA,NA,NA,NA,NA
"335","CAM CAVASSO 4 CONGRESS","C00680876","CAVASSO, CAMPBELL","H8HI00012","REP","HI",1,"west","O","Dem Hold",73.1,23.1,50,151389.41,31204.7,15400,10000,8500,NA,NA,NA,3996.15,1323.56,1801.55,8688.97,14252.35,NA,2700,214.95
"336","ELIOT RABIN-PETER ELIOT FOR CONGRESS","C00680900","RABIN, ELIOT MR.","H8NY12145","REP","NY",12,"northeast","C","Dem Hold",86.4,12.1,74.3,33121.84,2335,NA,NA,NA,819.05,2200,NA,29.04,44.48,NA,NA,2335,NA,NA,376.1
"337","JOSHUA SCOTT FOR CONGRESS","C00682179","SCOTT, JOSHUA","H8CA32088","REP","CA",32,"west","C","Dem Hold",68.8,31.2,37.6,4930.92,NA,NA,NA,NA,NA,NA,NA,NA,NA,NA,NA,NA,NA,NA,NA
"338","JUSTIN AGUILERA FOR CONGRESS","C00683532","AGUILERA, JUSTIN","H8CA19051","REP","CA",19,"west","C","Dem Hold",73.8,26.2,47.6,28317.67,16120.39,NA,NA,NA,NA,NA,NA,NA,3034.28,NA,6702,NA,NA,NA,3034.28
"339","VOTE JESSEE FLEENOR","C00683888","FLEENOR, JESSEE CARLTON","H8LA05099","DEM","LA",5,"south","C","GOP Hold",66.5,30,36.5,23763.23,3668.58,NA,NA,500,NA,NA,NA,NA,1199.98,NA,NA,NA,NA,NA,NA
"340","KIPNIS FOR CONGRESS","C00684324","KIPNIS, DARYL","H8NJ12108","REP","NJ",12,"northeast","C","Dem Hold",68.7,31.3,37.4,22812.33,NA,NA,NA,1933.31,6771.27,300,NA,NA,343.46,NA,NA,NA,NA,NA,NA
"341","ANYA TYNIO FOR HOUSE","C00684696","TYNIO, NATASHA ANYA","H8VT01065","REP","VT",0,"northeast","C","Dem Hold",69.2,26,43.2,8630.8,3106,NA,NA,NA,NA,NA,NA,NA,75,NA,3106,NA,NA,NA,2500
"342","ERIKA STOTTS PEARSON FOR CONGRESS","C00684977","STOTTS-PEARSON, ERIKA","H6TN08250","DEM","TN",8,"south","C","GOP Hold",67.7,30.1,37.6,7070.13,NA,NA,NA,NA,NA,NA,NA,NA,NA,NA,NA,NA,NA,NA,NA
"343","CAMPAIGN COMMITTEE OF JOSEPH BRUMBLES","C00686170","BRUMBLES, JOSEPH","H8WA10045","REP","WA",10,"west","C","Dem Hold",61.5,38.5,23,5099.4,461.7,NA,NA,NA,NA,NA,NA,NA,NA,NA,NA,NA,NA,NA,NA
