"","candidate_id","candidate.x","party","state.x","district.x","incumbent_challenge","state.y","district.y","region","hold_flip","candidate.y","win_per","lose_per","delta"
"1","H0AL02087","ROBY, MARTHA","REP","AL",2,"I","AL",2,"south","GOP Hold","Roby",61.5,38.5,"23"
"2","H0AL05163","BROOKS, MO","REP","AL",5,"I","AL",5,"south","GOP Hold","Brooks",61.1,38.9,"22.2"
"3","H0AL07086","SEWELL, TERRI A.","DEM","AL",7,"I","AL",7,"south","Dem Hold","Sewell",97.8,NA,"97.8"
"4","H0AR01083","CRAWFORD, ERIC ALAN RICK","REP","AR",1,"I","AR",1,"south","GOP Hold","Crawford",68.9,28.8,"40.1"
"5","H0AR03055","WOMACK, STEVE","REP","AR",3,"I","AR",4,"south","GOP Hold","Westerman",66.8,31.3,"35.5"
"6","H0AR03055","WOMACK, STEVE","REP","AR",3,"I","AR",3,"south","GOP Hold","Womack",64.8,32.6,"32.2"
"7","H0AZ01259","GOSAR, PAUL DR.","REP","AZ",4,"I","AZ",4,"west","GOP Hold","Gosar",68.2,30.5,"37.7"
"8","H0CA03078","BERA, AMERISH","DEM","CA",7,"I","CA",7,"west","Dem Hold","Bera",55,45,"10"
"9","H0CA10073","DESAULNIER, MARK","DEM","CA",11,"I","CA",11,"west","Dem Hold","DeSaulnier",74.1,25.9,"48.2"
"10","H0CA10149","GARAMENDI, JOHN","DEM","CA",3,"I","CA",3,"west","Dem Hold","Garamendi",58.1,41.9,"16.2"
"11","H0CA27085","SCHIFF, ADAM","DEM","CA",28,"I","CA",28,"west","Dem Hold","Schiff",78.4,21.6,"56.8"
"12","H0CA32101","CHU, JUDY","DEM","CA",27,"I","CA",27,"west","Dem Hold","Chu",79.2,20.8,"58.4"
"13","H0CA33117","BASS, KAREN","DEM","CA",37,"I","CA",37,"west","Dem Hold","Bass",89.1,10.9,"78.2"
"14","H0CA49055","DAVIS, SUSAN A.","DEM","CA",53,"I","CA",53,"west","Dem Hold","Davis",69.1,30.9,"38.2"
"15","H0CT03072","DELAURO, ROSA L","DEM","CT",3,"I","CT",3,"northeast","Dem Hold","DeLauro",64.4,35.6,"28.8"
"16","H0FL02086","LAWSON, ALFRED JR","DEM","FL",5,"I","FL",5,"south","Dem Hold","Lawson",66.8,33.2,"33.6"
"17","H0FL08208","WEBSTER, DANIEL","REP","FL",11,"I","FL",11,"south","GOP Hold","Webster",65.2,34.8,"30.4"
"18","H0FL17068","WILSON, FREDERICA S.","DEM","FL",24,"I","FL",24,"south","Dem Hold","Wilson",100,0,"100"
"19","H0FL19080","DEUTCH, THEODORE ELIOT","DEM","FL",22,"I","FL",22,"south","Dem Hold","Deutch",62,38,"24"
"20","H0GA07125","HICE, JODY","REP","GA",10,"I","GA",10,"south","GOP Hold","Hice",62.9,37.1,"25.8"
"21","H0GA07133","WOODALL, ROB REP.","REP","GA",7,"I","GA",7,"south","GOP Hold","Woodall",50.1,49.9,"0.2"
"22","H0GA08099","SCOTT, JAMES AUSTIN","REP","GA",8,"I","GA",8,"south","GOP Hold","Scott",99.7,0,"99.7"
"23","H0GA09030","GRAVES, JOHN THOMAS MR. JR.","REP","GA",14,"I","GA",14,"south","GOP Hold","Graves",76.5,23.5,"53"
"24","H0IL05096","QUIGLEY, MIKE","DEM","IL",5,"I","IL",5,"midwest","Dem Hold","Quigley",76.7,23.3,"53.4"
"25","H0IL11052","KINZINGER, ADAM","REP","IL",16,"I","IL",16,"midwest","GOP Hold","Kinzinger",59.1,40.9,"18.2"
"26","H0IN02190","WALORSKI SWIHART, JACKIE","REP","IN",2,"I","IN",2,"midwest","GOP Hold","Walorski",54.8,45.2,"9.6"
"27","H0IN08114","BUCSHON, LARRY D.","REP","IN",8,"I","IN",8,"midwest","GOP Hold","Bucshon",64.4,35.6,"28.8"
"28","H0KY05015","ROGERS, HAROLD DALLAS","REP","KY",5,"I","KY",5,"south","GOP Hold","Rogers",78.9,21.1,"57.8"
"29","H0KY06104","BARR, GARLAND ANDY","REP","KY",6,"I","KY",6,"south","GOP Hold","Barr",51,47.8,"3.2"
"30","H0LA01087","SCALISE, STEVE MR","REP","LA",1,"I","LA",1,"south","GOP Hold","Scalise",71.5,16.4,"55.1"
"31","H0MA10082","KEATING, WILLIAM RICHARD","DEM","MA",9,"I","MA",9,"northeast","Dem Hold","Keating",59.5,40.5,"19"
"32","H0MI02094","HUIZENGA, WILLIAM P","REP","MI",2,"I","MI",2,"midwest","GOP Hold","Huizenga",55.3,43,"12.3"
"33","H0MI03126","AMASH, JUSTIN","REP","MI",3,"I","MI",3,"midwest","GOP Hold","Amash",54.4,43.2,"11.2"
"34","H0MN01045","HAGEDORN, JAMES","REP","MN",1,"I","MN",1,"midwest","GOP Pickup","Hagedorn",50.2,49.8,"0.4"
"35","H0MO01066","CLAY, WILLIAM LACY JR","DEM","MO",1,"I","MO",1,"midwest","Dem Hold","Clay",80.1,16.7,"63.4"
"36","H0MO04086","HARTZLER, VICKY","REP","MO",4,"I","MO",4,"midwest","GOP Hold","Hartzler",64.8,32.7,"32.1"
"37","H0MO06073","GRAVES, SAMUEL B. JR.","REP","MO",6,"I","MO",6,"midwest","GOP Hold","Graves",65.4,32,"33.4"
"38","H0MO07113","LONG, BILLY MR.","REP","MO",7,"I","MO",7,"midwest","GOP Hold","Long",66.2,30.1,"36.1"
"39","H0MS04120","PALAZZO, STEVEN MCCARTY","REP","MS",4,"I","MS",4,"south","GOP Hold","Palazzo",69.6,29.3,"40.3"
"40","H0NH02181","KUSTER, ANN MCLANE","DEM","NH",2,"I","NH",2,"northeast","Dem Hold","McLane",55.5,42.2,"13.3"
"41","H0NY18065","SERRANO, JOSE E.","DEM","NY",15,"I","NY",15,"northeast","Dem Hold","Serrano",96,4,"92"
"42","H0NY29054","REED, THOMAS W","REP","NY",23,"I","NY",23,"northeast","GOP Hold","Reed",54.2,45.8,"8.4"
"43","H0OH06189","JOHNSON, BILL","REP","OH",6,"I","OH",6,"midwest","GOP Hold","Johnson",69.3,30.7,"38.6"
"44","H0OH18077","GIBBS, ROBERT","REP","OH",7,"I","OH",7,"midwest","GOP Hold","Gibbs",58.7,41.3,"17.4"
"45","H0PA03271","KELLY, GEORGE J JR","REP","PA",16,"I","PA",16,"northeast","GOP Hold","Kelly",51.6,47.3,"4.3"
"46","H0PA10078","MARINO, THOMAS ANTHONY","REP","PA",12,"I","PA",12,"northeast","GOP Hold","Marino",66,34,"32"
"47","H0RI01073","CICILLINE, DAVID N","DEM","RI",1,"I","RI",1,"northeast","Dem Hold","Cicilline",66.9,33.1,"33.8"
"48","H0RI02139","LANGEVIN, JAMES R HONORABLE","DEM","RI",2,"I","RI",2,"northeast","Dem Hold","Langevin",63.6,36.4,"27.2"
"49","H0SC03077","DUNCAN, JEFFREY D MR.","REP","SC",3,"I","SC",3,"south","GOP Hold","Duncan",67.8,31,"36.8"
"50","H0TN03254","FLEISCHMANN, CHARLES J","REP","TN",3,"I","TN",3,"south","GOP Hold","Fleischmann",63.7,34.5,"29.2"
"51","H0TN04195","DESJARLAIS, SCOTT HON.","REP","TN",4,"I","TN",4,"south","GOP Hold","DesJarlais",63.4,33.6,"29.8"
"52","H0TX17104","FLORES, BILL","REP","TX",17,"I","TX",17,"south","GOP Hold","Flores",56.8,41.3,"15.5"
"53","H0TX23086","HURD, WILLIAM","REP","TX",23,"I","TX",23,"south","GOP Hold","Hurd",49.2,48.7,"0.5"
"54","H0VA09055","GRIFFITH, H MORGAN","REP","VA",9,"I","VA",9,"south","GOP Hold","Griffith",65.2,34.8,"30.4"
"55","H0WA02080","LARSEN, RICK","DEM","WA",2,"I","WA",2,"west","Dem Hold","Larsen",71.3,28.7,"71.3"
"56","H0WA03161","HECK, DENNIS","DEM","WA",10,"I","WA",10,"west","Dem Hold","Heck",61.5,38.5,"23"
"57","H0WA03187","HERRERA BEUTLER, JAIME","REP","WA",3,"I","WA",3,"west","GOP Hold","Herrera Beutler",52.7,47.3,"5.4"
"58","H0WA08046","DELBENE, SUZAN K","DEM","WA",1,"I","WA",1,"west","Dem Hold","DelBene",59.3,40.7,"18.6"
"59","H0WI07051","DUFFY, SEAN","REP","WI",7,"I","WI",7,"midwest","GOP Hold","Duffy",60.1,38.5,"21.6"
"60","H0WV01072","MCKINLEY, DAVID B. MR.","REP","WV",1,"I","WV",1,"south","GOP Hold","McKinley",64.6,35.4,"29.2"
"61","H2AL03032","ROGERS, MICHAEL","REP","AL",3,"I","AL",3,"south","GOP Hold","Rogers",63.8,36.2,"27.6"
"62","H2AZ07070","GRIJALVA, RAUL M","DEM","AZ",3,"I","AZ",3,"west","Dem Hold","Grijalva",63.9,36.1,"27.8"
"63","H2CA00104","LOWENTHAL, ALAN","DEM","CA",47,"I","CA",47,"west","Dem Hold","Lowenthal",64.9,35.1,"29.8"
"64","H2CA00120","BROWNLEY, JULIA","DEM","CA",26,"I","CA",26,"west","Dem Hold","Brownley",61.9,38.1,"23.8"
"65","H2CA02142","LAMALFA, DOUG","REP","CA",1,"I","CA",1,"west","GOP Hold","LaMalfa",54.9,45.1,"9.8"
"66","H2CA06259","HUFFMAN, JARED","DEM","CA",2,"I","CA",2,"west","Dem Hold","Huffman",77,23,"54"
"67","H2CA08164","COOK, PAUL","REP","CA",8,"I","CA",8,"west","GOP Hold","Cook",60,40,"20"
"68","H2CA15094","SWALWELL, ERIC MICHAEL","DEM","CA",15,"I","CA",15,"west","Dem Hold","Swalwell",73,27,"46"
"69","H2CA28113","CARDENAS, TONY","DEM","CA",29,"I","CA",29,"west","Dem Hold","Cardenas",80.6,19.4,"61.2"
"70","H2CA31125","AGUILAR, PETE","DEM","CA",31,"I","CA",31,"west","Dem Hold","Aguilar",58.7,41.3,"17.4"
"71","H2CA33048","ROYBAL-ALLARD, LUCILLE","DEM","CA",40,"I","CA",40,"west","Dem Hold","Roybal-Allard",77.3,22.7,"54.6"
"72","H2CA36439","RUIZ, RAUL DR","DEM","CA",36,"I","CA",36,"west","Dem Hold","Ruiz",59,41,"18"
"73","H2CA37023","CALVERT, KEN","REP","CA",42,"I","CA",42,"west","GOP Hold","Calvert",56.5,43.5,"13"
"74","H2CA39078","SANCHEZ, LINDA","DEM","CA",38,"I","CA",38,"west","Dem Hold","Sanchez",68.9,31.1,"37.8"
"75","H2CA43245","TAKANO, MARK","DEM","CA",41,"I","CA",41,"west","Dem Hold","Takano",65.1,34.9,"30.2"
"76","H2CA50026","VARGAS, JUAN CARLOS","DEM","CA",51,"I","CA",51,"west","Dem Hold","Vargas",71.2,28.8,"42.4"
"77","H2CA52089","PETERS, SCOTT","DEM","CA",52,"I","CA",52,"west","Dem Hold","Peters",63.8,36.2,"27.6"
"78","H2CT02112","COURTNEY, JOSEPH D","DEM","CT",2,"I","CT",2,"northeast","Dem Hold","Courtney",62.1,35.5,"26.6"
"79","H2FL06109","YOHO, THEODORE SCOTT","REP","FL",3,"I","FL",3,"south","GOP Hold","Yoho",57.6,42.4,"15.2"
"80","H2FL08063","DEMINGS, VALDEZ VAL","DEM","FL",10,"I","FL",10,"south","Dem Hold","Demings",100,0,"100"
"81","H2FL14053","FRANKEL, LOIS J.","DEM","FL",21,"I","FL",21,"south","Dem Hold","Frankel",100,0,"100"
"82","H2FL23021","HASTINGS, ALCEE L","DEM","FL",20,"I","FL",20,"south","Dem Hold","Hastings",99.9,0,"99.9"
"83","H2FL25018","DIAZ-BALART, MARIO","REP","FL",25,"I","FL",25,"south","GOP Hold","Diaz-Balart",60.5,39.5,"21"
"84","H2GA02031","BISHOP, SANFORD","DEM","GA",2,"I","GA",2,"south","Dem Hold","Bishop",59.6,40.4,"19.2"
"85","H2GA09150","COLLINS, DOUGLAS ALLEN","REP","GA",9,"I","GA",9,"south","GOP Hold","Collins",79.5,20.5,"59"
"86","H2GA12121","ALLEN, RICHARD W","REP","GA",12,"I","GA",12,"south","GOP Hold","Allen",59.5,40.5,"19"
"87","H2GA13012","SCOTT, DAVID ALBERT","DEM","GA",13,"I","GA",13,"south","Dem Hold","Scott",76.2,23.8,"52.4"
"88","H2HI02128","CASE, EDWARD","DEM","HI",1,"I","HI",1,"west","Dem Hold","Case",73.1,23.1,"50"
"89","H2HI02508","GABBARD, TULSI","DEM","HI",2,"I","HI",2,"west","Dem Hold","Gabbard",77.4,22.6,"54.8"
"90","H2IA05072","KING, STEVE MR.","REP","IA",4,"I","IA",4,"midwest","GOP Hold","King",50.4,47,"3.4"
"91","H2IL01042","RUSH, BOBBY LEE","DEM","IL",1,"I","IL",1,"midwest","Dem Hold","Rush",73.5,19.8,"53.7"
"92","H2IL02172","KELLY, ROBIN","DEM","IL",2,"I","IL",2,"midwest","Dem Hold","Kelly",81.1,18.9,"62.2"
"93","H2IL10068","SCHNEIDER, BRADLEY SCOTT","DEM","IL",10,"I","IL",10,"midwest","Dem Hold","Schneider",65.6,34.4,"31.2"
"94","H2IL13120","DAVIS, RODNEY L","REP","IL",13,"I","IL",13,"midwest","GOP Hold","Davis",50.4,49.6,"0.8"
"95","H2IL17071","BUSTOS, CHERI","DEM","IL",17,"I","IL",17,"midwest","Dem Hold","Bustos",62.1,37.9,"24.2"
"96","H2IL20042","SHIMKUS, JOHN M","REP","IL",15,"I","IL",15,"midwest","GOP Hold","Shimkus",70.9,29.1,"41.8"
"97","H2IN05082","BROOKS, SUSAN MRS.","REP","IN",5,"I","IN",5,"midwest","GOP Hold","Brooks",56.8,43.2,"13.6"
"98","H2KY04121","MASSIE, THOMAS H.","REP","KY",4,"I","KY",4,"south","GOP Hold","Massie",62.2,34.6,"27.6"
"99","H2MA04073","KENNEDY, JOSEPH P III","DEM","MA",4,"I","MA",4,"northeast","Dem Hold","Kennedy",97.7,9,"88.7"
"100","H2MA09072","LYNCH, STEPHEN","DEM","MA",8,"I","MA",8,"northeast","Dem Hold","Lynch",98.4,0,"98.4"
"101","H2MD02160","RUPPERSBERGER, C. A. DUTCH","DEM","MD",2,"I","MD",2,"south","Dem Hold","Ruppersberger",66.1,30.7,"35.4"
"102","H2MD05155","HOYER, STENY","DEM","MD",5,"I","MD",5,"south","Dem Hold","Hoyer",70.4,27.1,"43.3"
"103","H2MI05119","KILDEE, DANIEL T.","DEM","MI",5,"I","MI",5,"midwest","Dem Hold","Kildee",59.5,35.9,"23.6"
"104","H2MI14111","LAWRENCE, BRENDA LULENAR","DEM","MI",14,"I","MI",14,"midwest","Dem Hold","Lawrence",80.9,17.3,"63.6"
"105","H2MI17023","LEVIN, SANDER M MR","DEM","MI",9,"I","MI",9,"midwest","Dem Hold","Levin",59.7,36.8,"22.9"
"106","H2MN07014","PETERSON, COLLIN CLARK","DEM","MN",7,"I","MN",7,"midwest","Dem Hold","Peterson",52.1,47.9,"4.2"
"107","H2MO02102","WAGNER, ANN L.","REP","MO",2,"I","MO",2,"midwest","GOP Hold","Wagner",51.2,47.2,"4"
"108","H2NC01081","JONES, WALTER B","REP","NC",3,"I","NC",3,"south","GOP Hold","Jones",100,0,"100"
"109","H2NC07096","ROUZER, DAVID CHESTON","REP","NC",7,"I","NC",7,"south","GOP Hold","Rouzer",55.6,42.7,"12.9"
"110","H2NC08185","HUDSON, RICHARD L. JR.","REP","NC",8,"I","NC",8,"south","GOP Hold","Hudson",55.4,44.6,"10.8"
"111","H2NC11080","MEADOWS, MARK R","REP","NC",11,"I","NC",11,"south","GOP Hold","Meadows",59.2,38.7,"20.5"
"112","H2NC13110","HOLDING, GEORGE E MR.","REP","NC",2,"I","NC",2,"south","GOP Hold","Holding",51.4,45.7,"5.7"
"113","H2NJ10154","PAYNE, DONALD M., JR.","DEM","NJ",10,"I","NJ",10,"northeast","Dem Hold","Payne",87.6,10.1,"77.5"
"114","H2NV02395","AMODEI, MARK EUGENE EUGENE","REP","NV",2,"I","NV",2,"west","GOP Hold","Amodei",58.2,41.8,"16.4"
"115","H2NV04011","HORSFORD, STEVEN ALEXZANDER","DEM","NV",4,"I","NV",4,"west","Dem Hold","Horsford",51.9,43.7,"8.2"
"116","H2NY00010","VELAZQUEZ, NYDIA M.","DEM","NY",7,"I","NY",7,"northeast","Dem Hold","Velazquez",93.4,0,"93.4"
"117","H2NY03089","KING, PETE","REP","NY",2,"I","NY",2,"northeast","GOP Hold","King",53.1,46.9,"6.2"
"118","H2NY06116","MENG, GRACE","DEM","NY",6,"I","NY",6,"northeast","Dem Hold","Meng",90.9,9.1,"81.8"
"119","H2NY10092","JEFFRIES, HAKEEM","DEM","NY",8,"I","NY",8,"northeast","Dem Hold","Jeffries",94.2,0,"94.2"
"120","H2NY13096","ESPAILLAT, ADRIANO","DEM","NY",13,"I","NY",13,"northeast","Dem Hold","Espaillat",94.6,5.4,"89.2"
"121","H2NY14037","MALONEY, CAROLYN B.","DEM","NY",12,"I","NY",12,"northeast","Dem Hold","Maloney",86.4,12.1,"74.3"
"122","H2NY17071","NADLER, JERROLD L.","DEM","NY",10,"I","NY",10,"northeast","Dem Hold","Nadler",82.1,17.9,"64.2"
"123","H2NY22139","MALONEY, SEAN PATRICK","DEM","NY",18,"I","NY",18,"northeast","Dem Hold","Maloney",55.5,44.5,"11"
"124","H2OH02085","WENSTRUP, BRAD DR.","REP","OH",2,"I","OH",2,"midwest","GOP Hold","Wenstrup",57.6,41.2,"16.4"
"125","H2OH03067","TURNER, MICHAEL R","REP","OH",10,"I","OH",10,"midwest","GOP Hold","Turner",55.9,42.2,"13.7"
"126","H2OH03125","BEATTY, JOYCE","DEM","OH",3,"I","OH",3,"midwest","Dem Hold","Beatty",73.6,26.4,"47.2"
"127","H2OH09031","KAPTUR, MARCY HON.","DEM","OH",9,"I","OH",9,"midwest","Dem Hold","Kaptur",67.8,32.2,"35.6"
"128","H2OH14064","JOYCE, DAVID P","REP","OH",14,"I","OH",14,"midwest","GOP Hold","Joyce",55.2,44.8,"10.4"
"129","H2OH17109","RYAN, TIMOTHY","DEM","OH",13,"I","OH",13,"midwest","Dem Hold","Ryan",61,39,"22"
"130","H2OK02083","MULLIN, MARKWAYNE MR.","REP","OK",2,"I","OK",2,"south","GOP Hold","Mullin",65,30.1,"34.9"
"131","H2OK04055","COLE, TOM","REP","OK",4,"I","OK",4,"south","GOP Hold","Cole",63.1,33,"30.1"
"132","H2OR01133","BONAMICI, SUZANNE MS.","DEM","OR",1,"I","OR",1,"west","Dem Hold","Bonamici",63.7,32.1,"31.6"
"133","H2PA04135","PERRY, SCOTT","REP","PA",10,"I","PA",10,"northeast","GOP Hold","Perry",51.3,48.7,"2.6"
"134","H2PA17079","CARTWRIGHT, MATT","DEM","PA",8,"I","PA",8,"northeast","Dem Hold","Cartwright",54.6,45.4,"9.2"
"135","H2SC02042","CLYBURN, JAMES E.","DEM","SC",6,"I","SC",6,"south","Dem Hold","Clyburn",70.2,28.3,"41.9"
"136","H2SC02059","WILSON, JOE THE HON.","REP","SC",2,"I","SC",2,"south","GOP Hold","Wilson",56.3,42.5,"13.8"
"137","H2SC07066","RICE, TOM","REP","SC",7,"I","SC",7,"south","GOP Hold","Rice",59.6,40.4,"19.2"
"138","H2TN05131","COOPER, JAMES H.S.","DEM","TN",5,"I","TN",5,"south","Dem Hold","Cooper",67.8,32.2,"35.6"
"139","H2TN07103","KUSTOFF, DAVID","REP","TN",8,"I","TN",8,"south","GOP Hold","Kustoff",67.7,30.1,"37.6"
"140","H2TX00015","JOHNSON, EDDIE BERNICE","DEM","TX",30,"I","TX",30,"south","Dem Hold","Johnson",91.1,8.9,"82.2"
"141","H2TX14149","WEBER, RANDY","REP","TX",14,"I","TX",14,"south","GOP Hold","Weber",59.2,39.3,"19.9"
"142","H2TX23082","CUELLAR, HENRY R.","DEM","TX",28,"I","TX",28,"south","Dem Hold","Cuellar",84.4,15.6,"68.8"
"143","H2TX26093","BURGESS, MICHAEL C. DR.","REP","TX",26,"I","TX",26,"south","GOP Hold","Burgess",59.4,39,"20.4"
"144","H2TX27190","VELA, FILEMON","DEM","TX",34,"I","TX",34,"south","Dem Hold","Vela",60,40,"20"
"145","H2TX31044","CARTER, JOHN R. REP.","REP","TX",31,"I","TX",31,"south","GOP Hold","Carter",50.6,47.7,"2.9"
"146","H2TX33040","WILLIAMS, ROGER","REP","TX",25,"I","TX",25,"south","GOP Hold","Williams",53.5,44.8,"8.7"
"147","H2TX33073","VEASEY, MARC ALLISON MR.","DEM","TX",33,"I","TX",33,"south","Dem Hold","Veasey",76.2,21.9,"54.3"
"148","H2TX35011","CASTRO, JOAQUIN","DEM","TX",20,"I","TX",20,"south","Dem Hold","Castro",80.9,19.1,"61.8"
"149","H2UT01094","BISHOP, ROBERT","REP","UT",1,"I","UT",1,"west","GOP Hold","Bishop",61.6,24.9,"36.7"
"150","H2UT02324","STEWART, CHRIS","REP","UT",2,"I","UT",2,"west","GOP Hold","Stewart",56.1,38.9,"17.2"
"151","H2WA06129","KILMER, DEREK","DEM","WA",6,"I","WA",6,"west","Dem Hold","Kilmer",63.9,36.1,"27.8"
"152","H2WI02124","POCAN, MARK","DEM","WI",2,"I","WI",2,"midwest","Dem Hold","Pocan",100,0,"100"
"153","H4AL01123","BYRNE, BRADLEY ROBERTS","REP","AL",1,"I","AL",1,"south","GOP Hold","Byrne",63.2,36.8,"26.4"
"154","H4AL06098","PALMER, GARY","REP","AL",6,"I","AL",6,"south","GOP Hold","Palmer",69.2,30.8,"38.4"
"155","H4AR02141","HILL, JAMES FRENCH","REP","AR",2,"I","AR",2,"south","GOP Hold","Hill",52.1,45.8,"6.3"
"156","H4AZ06045","SCHWEIKERT, DAVID S.","REP","AZ",6,"I","AZ",6,"west","GOP Hold","Schweikert",55.2,44.8,"10.4"
"157","H4AZ07043","GALLEGO, RUBEN","DEM","AZ",7,"I","AZ",7,"west","Dem Hold","Gallego",85.8,14.2,"71.6"
"158","H4CA11081","MCNERNEY, GERALD MARK","DEM","CA",9,"I","CA",9,"west","Dem Hold","McNerney",56.5,43.5,"13"
"159","H4CA12055","KHANNA, ROHIT","DEM","CA",17,"I","CA",17,"west","Dem Hold","Khanna",75.3,24.7,"50.6"
"160","H4CA16049","LOFGREN, ZOE","DEM","CA",19,"I","CA",19,"west","Dem Hold","Lofgren",73.8,26.2,"47.6"
"161","H4CA20082","COSTA, JIM","DEM","CA",16,"I","CA",16,"west","Dem Hold","Costa",57.5,42.5,"15"
"162","H4CA23011","WATERS, MAXINE","DEM","CA",43,"I","CA",43,"west","Dem Hold","Waters",77.7,22.3,"55.4"
"163","H4CA33119","LIEU, TED","DEM","CA",33,"I","CA",33,"west","Dem Hold","Lieu",70,30,"40"
"164","H4CA35031","TORRES, NORMA","DEM","CA",35,"I","CA",35,"west","Dem Hold","Torres",69.4,30.6,"38.8"
"165","H4CO04090","BUCK, KENNETH R","REP","CO",4,"I","CO",4,"west","GOP Hold","Buck",60.6,39.4,"21.2"
"166","H4FL20023","WASSERMAN SCHULTZ, DEBBIE","DEM","FL",23,"I","FL",23,"south","Dem Hold","Wasserman",58.5,36,"22.5"
"167","H4GA01039","CARTER, EARL LEROY","REP","GA",1,"I","GA",1,"south","GOP Hold","Carter",57.7,42.3,"15.4"
"168","H4GA11061","LOUDERMILK, BARRY","REP","GA",11,"I","GA",11,"south","GOP Hold","Loudermilk",61.8,38.2,"23.6"
"169","H4IL03077","LIPINSKI, DANIEL WILLIAM WILLIAM","DEM","IL",3,"I","IL",3,"midwest","Dem Hold","Lipinski",73.8,26.2,"47.6"
"170","H4IL07037","DAVIS, DANNY K","DEM","IL",7,"I","IL",7,"midwest","Dem Hold","Davis",87.6,12.4,"75.2"
"171","H4IL12060","BOST, MICHAEL","REP","IL",12,"I","IL",12,"midwest","GOP Hold","Bost",51.6,45.4,"6.2"
"172","H4IN01012","VISCLOSKY, PETER J.","DEM","IN",1,"I","IN",1,"midwest","Dem Hold","Visclosky",65.1,34.9,"30.2"
"173","H4LA05221","ABRAHAM, RALPH LEE DR. JR.","REP","LA",5,"I","LA",5,"south","GOP Hold","Abraham",66.5,30,"36.5"
"174","H4LA06153","GRAVES, GARRET","REP","LA",6,"I","LA",6,"south","GOP Hold","Graves",69.5,20.5,"49"
"175","H4MA03022","MCGOVERN, JAMES P. MR.","DEM","MA",2,"I","MA",2,"northeast","Dem Hold","McGovern",67.2,32.8,"34.4"
"176","H4MA05084","CLARK, KATHERINE","DEM","MA",5,"I","MA",5,"northeast","Dem Hold","Clark",75.9,24.1,"51.8"
"177","H4MA06090","MOULTON, SETH","DEM","MA",6,"I","MA",6,"northeast","Dem Hold","Moulton",65.2,31.4,"33.8"
"178","H4MI04118","MITCHELL, PAUL III","REP","MI",10,"I","MI",10,"midwest","GOP Hold","Mitchell",60.3,35,"25.3"
"179","H4MI04126","MOOLENAAR, JOHN MR.","REP","MI",4,"I","MI",4,"midwest","GOP Hold","Moolenaar",62.6,37.4,"25.2"
"180","H4MI07103","WALBERG, TIMOTHY L REP","REP","MI",7,"I","MI",7,"midwest","GOP Hold","Walberg",53.8,46.2,"7.6"
"181","H4MI12079","DINGELL, DEBBIE","DEM","MI",12,"I","MI",12,"midwest","Dem Hold","Dingell",68.1,28.9,"39.2"
"182","H4MN06087","EMMER, THOMAS EARL JR.","REP","MN",6,"I","MN",6,"midwest","GOP Hold","Emmer",61.2,38.8,"22.4"
"183","H4MO05234","CLEAVER, EMANUEL II","DEM","MO",5,"I","MO",5,"midwest","Dem Hold","Cleaver",61.7,35.6,"26.1"
"184","H4MO08162","SMITH, JASON T","REP","MO",8,"I","MO",8,"midwest","GOP Hold","Smith",73.4,25,"48.4"
"185","H4MS02068","THOMPSON, BENNIE G.","DEM","MS",2,"I","MS",2,"south","Dem Hold","Thompson",71.8,21.7,"50.1"
"186","H4NC01046","BUTTERFIELD, G. K.","DEM","NC",1,"I","NC",1,"south","Dem Hold","Butterfield",69.8,30.2,"39.6"
"187","H4NC05146","FOXX, VIRGINIA ANN","REP","NC",5,"I","NC",5,"south","GOP Hold","Foxx",57.2,42.8,"14.4"
"188","H4NC06052","WALKER, BRADLEY MARK MR.","REP","NC",6,"I","NC",6,"south","GOP Hold","Walker",56.6,43.4,"13.2"
"189","H4NC10047","MCHENRY, PATRICK TIMOTHY","REP","NC",10,"I","NC",10,"south","GOP Hold","McHenry",59.3,40.7,"18.6"
"190","H4NC12100","ADAMS, ALMA SHEALEY","DEM","NC",12,"I","NC",12,"south","Dem Hold","Adams",73,27,"46"
"191","H4NE01064","FORTENBERRY, JEFFREY L. HONORABLE","REP","NE",1,"I","NE",1,"midwest","GOP Hold","Fortenberry",60.4,39.6,"20.8"
"192","H4NJ01084","NORCROSS, DONALD W","DEM","NJ",1,"I","NJ",1,"northeast","Dem Hold","Norcross",64.4,33.3,"31.1"
"193","H4NJ12149","COLEMAN, BONNIE WATSON","DEM","NJ",12,"I","NJ",12,"northeast","Dem Hold","Watson",68.7,31.3,"37.4"
"194","H4NY04075","RICE, KATHLEEN","DEM","NY",4,"I","NY",4,"northeast","Dem Hold","Rice",61.3,38.7,"22.6"
"195","H4NY11138","CLARKE, YVETTE","DEM","NY",9,"I","NY",9,"northeast","Dem Hold","Clarke",89.3,10.3,"79"
"196","H4NY21079","STEFANIK, ELISE M.","REP","NY",21,"I","NY",21,"northeast","GOP Hold","Stefanik",56.1,42.4,"13.7"
"197","H4NY24073","KATKO, JOHN M","REP","NY",24,"I","NY",24,"northeast","GOP Hold","Katko",52.6,47.4,"5.2"
"198","H4NY27076","HIGGINS, BRIAN","DEM","NY",26,"I","NY",26,"northeast","Dem Hold","Higgins",73.3,26.7,"46.6"
"199","H4OK06056","LUCAS, FRANK D.","REP","OK",3,"I","OK",3,"south","GOP Hold","Lucas",73.9,26.1,"47.8"
"200","H4PA13199","BOYLE, BRENDAN F","DEM","PA",2,"I","PA",2,"northeast","Dem Hold","Boyle",79,21,"58"
"201","H4PA18131","DOYLE, MICHAEL","DEM","PA",18,"I","PA",18,"northeast","Dem Hold","Doyle",0,NA,"#VALUE!"
"202","H4TX04039","GOHMERT, LOUIS B. MR. JR.","REP","TX",1,"I","TX",1,"south","GOP Hold","Gohmert",72.3,26.3,"46"
"203","H4TX04153","RATCLIFFE, JOHN L","REP","TX",4,"I","TX",4,"south","GOP Hold","Ratcliffe",75.7,23,"52.7"
"204","H4TX09095","GREEN, ALEXANDER","DEM","TX",9,"I","TX",9,"south","Dem Hold","Green",89.1,NA,"89.1"
"205","H4TX10028","DOGGETT, LLOYD","DEM","TX",35,"I","TX",35,"south","Dem Hold","Doggett",71.3,26,"45.3"
"206","H4TX10093","MCCAUL, MICHAEL","REP","TX",10,"I","TX",10,"south","GOP Hold","McCaul",51.1,46.8,"4.3"
"207","H4TX13014","THORNBERRY, MAC","REP","TX",13,"I","TX",13,"south","GOP Hold","Thornberry",81.5,16.9,"64.6"
"208","H4TX18054","LEE, SHEILA JACKSON","DEM","TX",18,"I","TX",18,"south","Dem Hold","Jackson",75.2,20.8,"54.4"
"209","H4TX19136","CONAWAY, MICHAEL HONORABLE","REP","TX",11,"I","TX",11,"south","GOP Hold","Conaway",80.1,18.4,"61.7"
"210","H4TX24094","MARCHANT, KENNY E MR.","REP","TX",24,"I","TX",24,"south","GOP Hold","Marchant",50.6,47.5,"3.1"
"211","H4VA08224","BEYER, DONALD STERNOFF HONORABLE JR.","DEM","VA",8,"I","VA",8,"south","Dem Hold","Beyer",76.3,23.7,"52.6"
"212","H4WA04104","NEWHOUSE, DAN","REP","WA",4,"I","WA",4,"west","GOP Hold","Newhouse",62.8,37.2,"25.6"
"213","H4WA05077","MCMORRIS RODGERS, CATHY","REP","WA",5,"I","WA",5,"west","GOP Hold","McMorris Rodgers",54.8,45.2,"9.6"
"214","H4WI04183","MOORE, GWEN S","DEM","WI",4,"I","WI",4,"midwest","Dem Hold","Moore",75.7,21.7,"54"
"215","H4WI06048","GROTHMAN, GLENN S.","REP","WI",6,"I","WI",6,"midwest","GOP Hold","Grothman",55.5,44.5,"11"
"216","H4WV02080","MOONEY, ALEXANDER XAVIER","REP","WV",2,"I","WV",2,"south","GOP Hold","Mooney",54,42.9,"11.1"
"217","H6AK00045","YOUNG, DONALD E","REP","AK",0,"I","AK",1,"west","GOP Hold","Young",53.3,46.5,"6.8"
"218","H6AL04098","ADERHOLT, ROBERT B. REP.","REP","AL",4,"I","AL",4,"south","GOP Hold","Aderholt",79.9,20.1,"59.8"
"219","H6AZ01199","O'HALLERAN, TOM","DEM","AZ",1,"I","AZ",1,"west","Dem Hold","O'Halleran",53.8,46.2,"7.6"
"220","H6AZ05083","BIGGS, ANDY MR.","REP","AZ",5,"I","AZ",5,"west","GOP Hold","Biggs",59.4,40.6,"18.8"
"221","H6CA05195","MATSUI, DORIS","DEM","CA",6,"I","CA",6,"west","Dem Hold","Matsui",80.4,19.6,"60.8"
"222","H6CA20152","PANETTA, JIMMY","DEM","CA",20,"I","CA",20,"west","Dem Hold","Panetta",81.4,18.6,"62.8"
"223","H6CA22125","MCCARTHY, KEVIN","REP","CA",23,"I","CA",23,"west","GOP Hold","McCarthy",63.7,36.3,"27.4"
"224","H6CA24113","SHERMAN, BRAD","DEM","CA",30,"I","CA",30,"west","Dem Hold","Sherman",73.4,26.6,"46.8"
"225","H6CA24303","CARBAJAL, SALUD O.","DEM","CA",24,"I","CA",24,"west","Dem Hold","Carbajal",58.6,41.4,"17.2"
"226","H6CA44103","BARRAGAN, NANETTE","DEM","CA",44,"I","CA",44,"west","Dem Hold","Barragan",68.3,31.7,"36.6"
"227","H6CA46116","CORREA, LOU","DEM","CA",46,"I","CA",46,"west","Dem Hold","Correa",69.1,30.9,"38.2"
"228","H6CO01141","DEGETTE, DIANA L","DEM","CO",1,"I","CO",1,"west","Dem Hold","DeGette",73.8,23,"50.8"
"229","H6CO03139","TIPTON, SCOTT R.","REP","CO",3,"I","CO",3,"west","GOP Hold","Tipton",51.5,43.6,"7.9"
"230","H6CO05159","LAMBORN, DOUGLAS","REP","CO",5,"I","CO",5,"west","GOP Hold","Lamborn",57,39.3,"17.7"
"231","H6CO07023","PERLMUTTER, EDWIN G","DEM","CO",7,"I","CO",7,"west","Dem Hold","Perlmutter",60.4,35.4,"25"
"232","H6DE00206","BLUNT ROCHESTER, LISA","DEM","DE",0,"I","DE",1,"south","Dem Hold","Rochester",64.5,35.5,"29"
"233","H6FL01119","GAETZ, MATT","REP","FL",1,"I","FL",1,"south","GOP Hold","Gaetz",67.1,32.9,"34.2"
"234","H6FL02208","DUNN, NEAL PATRICK MD, FACS","REP","FL",2,"I","FL",2,"south","GOP Hold","Dunn",67.4,32.6,"34.8"
"235","H6FL04105","RUTHERFORD, JOHN","REP","FL",4,"I","FL",4,"south","GOP Hold","Rutherford",65.2,32.4,"32.8"
"236","H6FL07140","MURPHY, STEPHANIE","DEM","FL",7,"I","FL",7,"south","Dem Hold","Murphy",57.7,42.3,"15.4"
"237","H6FL09070","BILIRAKIS, GUS M","REP","FL",12,"I","FL",12,"south","GOP Hold","Bilirakis",58.1,39.7,"18.4"
"238","H6FL09179","SOTO, DARREN","DEM","FL",9,"I","FL",9,"south","Dem Hold","Soto",58,42,"16"
"239","H6FL11126","CASTOR, KATHY","DEM","FL",14,"I","FL",14,"south","Dem Hold","Castor",100,0,"100"
"240","H6FL13148","BUCHANAN, VERNON","REP","FL",16,"I","FL",16,"south","GOP Hold","Buchanan",54.6,45.4,"9.2"
"241","H6FL13205","CRIST, CHARLIE JOSEPH","DEM","FL",13,"I","FL",13,"south","Dem Hold","Crist",57.6,42.4,"15.2"
"242","H6FL18097","MAST, BRIAN","REP","FL",18,"I","FL",18,"south","GOP Hold","Mast",54.3,45.7,"8.6"
"243","H6FL19087","ROONEY, FRANCIS","REP","FL",19,"I","FL",19,"south","GOP Hold","Rooney",62.3,37.7,"24.6"
"244","H6GA03113","FERGUSON, ANDERSON DREW IV","REP","GA",3,"I","GA",3,"south","GOP Hold","Ferguson",65.5,34.5,"31"
"245","H6GA04129","JOHNSON, HENRY C. 'HANK","DEM","GA",4,"I","GA",4,"south","Dem Hold","Johnson",78.8,21.2,"57.6"
"246","H6GA05217","LEWIS, JOHN R.","DEM","GA",5,"I","GA",5,"south","Dem Hold","Lewis",100,0,"100"
"247","H6IA02146","LOEBSACK, DAVID WAYNE","DEM","IA",2,"I","IA",2,"midwest","Dem Hold","Loebsack",54.8,42.6,"12.2"
"248","H6IL08147","KRISHNAMOORTHI, S. RAJA","DEM","IL",8,"I","IL",8,"midwest","Dem Hold","Krishnamoorthi",66,34,"32"
"249","H6IL18088","LAHOOD, DARIN MCKAY","REP","IL",18,"I","IL",18,"midwest","GOP Hold","LaHood",67.2,32.8,"34.4"
"250","H6IN03229","BANKS, JAMES E HON.","REP","IN",3,"I","IN",3,"midwest","GOP Hold","Banks",64.7,35.3,"29.4"
"251","H6IN09176","HOLLINGSWORTH, TREY","REP","IN",9,"I","IN",9,"midwest","GOP Hold","Hollingsworth",56.5,43.5,"13"
"252","H6KS01179","MARSHALL, ROGER W","REP","KS",1,"I","KS",1,"midwest","GOP Hold","Marshall",68.4,31.6,"36.8"
"253","H6KY01110","COMER, JAMES","REP","KY",1,"I","KY",1,"south","GOP Hold","Comer",68.6,31.4,"37.2"
"254","H6KY03124","YARMUTH, JOHN","DEM","KY",3,"I","KY",3,"south","Dem Hold","Yarmuth",62.1,36.6,"25.5"
"255","H6LA03148","HIGGINS, CLAY CAPTAIN","REP","LA",3,"I","LA",3,"south","GOP Hold","Higgins",55.7,17.8,"37.9"
"256","H6LA04138","JOHNSON, JAMES MICHAEL","REP","LA",4,"I","LA",4,"south","GOP Hold","Johnson",64.2,33.6,"30.6"
"257","H6MD03292","SARBANES, JOHN P. MR.","DEM","MD",3,"I","MD",3,"south","Dem Hold","Sarbanes",69.2,28.3,"40.9"
"258","H6MD04209","BROWN, ANTHONY","DEM","MD",4,"I","MD",4,"south","Dem Hold","Brown",78.1,19.9,"58.2"
"259","H6MD07160","CUMMINGS, ELIJAH E","DEM","MD",7,"I","MD",7,"south","Dem Hold","Cummings",76.5,21.3,"55.2"
"260","H6MD08457","RASKIN, JAMIE","DEM","MD",8,"I","MD",8,"south","Dem Hold","Raskin",68.2,30.3,"37.9"
"261","H6MI01226","BERGMAN, JOHN","REP","MI",1,"I","MI",1,"midwest","GOP Hold","Bergman",56.3,43.7,"12.6"
"262","H6MI04113","UPTON, FREDERICK STEPHEN","REP","MI",6,"I","MI",6,"midwest","GOP Hold","Upton",50.2,45.7,"4.5"
"263","H6MN02131","CRAIG, ANGELA DAWN","DEM","MN",2,"I","MN",2,"midwest","Dem Pickup","Craig",52.8,47.2,"5.6"
"264","H6MS01131","KELLY, JOHN TRENT TRENT","REP","MS",1,"I","MS",1,"south","GOP Hold","Kelly",67,32.3,"34.7"
"265","H6NC04037","PRICE, DAVID E.","DEM","NC",4,"I","NC",4,"south","Dem Hold","Price",72.3,24.1,"48.2"
"266","H6NC13129","BUDD, THEODORE P.","REP","NC",13,"I","NC",13,"south","GOP Hold","Budd",51.6,45.5,"6.1"
"267","H6NE02125","BACON, DONALD J","REP","NE",2,"I","NE",2,"midwest","GOP Hold","Bacon",51,49,"2"
"268","H6NE03115","SMITH, ADRIAN","REP","NE",3,"I","NE",3,"midwest","GOP Hold","Smith",76.7,23.3,"53.4"
"269","H6NJ05171","GOTTHEIMER, JOSH","DEM","NJ",5,"I","NJ",5,"northeast","Dem Hold","Gottheimer",56.2,42.5,"13.7"
"270","H6NJ08118","PASCRELL, WILLIAM J. HON. JR.","DEM","NJ",9,"I","NJ",9,"northeast","Dem Hold","Pascrell",70.3,28.9,"41.4"
"271","H6NJ13191","SIRES, ALBIO","DEM","NJ",8,"I","NJ",8,"northeast","Dem Hold","Sires",78.1,18.7,"59.4"
"272","H6NV04020","LEE, SUSIE","DEM","NV",3,"I","NV",3,"west","Dem Hold","Lee",51.9,42.8,"9.1"
"273","H6NY03247","SUOZZI, THOMAS","DEM","NY",3,"I","NY",3,"northeast","Dem Hold","Suozzi",59,41,"18"
"274","H6OH04082","JORDAN, JAMES D.","REP","OH",4,"I","OH",4,"midwest","GOP Hold","Jordan",65.3,34.7,"30.6"
"275","H6OH08315","DAVIDSON, WARREN","REP","OH",8,"I","OH",8,"midwest","GOP Hold","Davidson",66.6,33.4,"33.2"
"276","H6OR02116","WALDEN, GREGORY P. MR.","REP","OR",2,"I","OR",2,"west","GOP Hold","Walden",56.3,39.4,"16.9"
"277","H6OR03064","BLUMENAUER, EARL","DEM","OR",3,"I","OR",3,"west","Dem Hold","Blumenauer",72.7,19.9,"52.8"
"278","H6OR04047","DEFAZIO, PETER A","DEM","OR",4,"I","OR",4,"west","Dem Hold","DeFazio",56,40.9,"15.1"
"279","H6PA02171","EVANS, DWIGHT","DEM","PA",3,"I","PA",3,"northeast","Dem Hold","Evans",93.4,6.6,"86.8"
"280","H6PA08277","FITZPATRICK, BRIAN","REP","PA",1,"I","PA",1,"northeast","GOP Hold","Fitzpatrick",51.3,48.7,"2.6"
"281","H6PA16320","SMUCKER, LLOYD K.","REP","PA",11,"I","PA",11,"northeast","GOP Hold","Smucker",59,41,"18"
"282","H6TN01388","ROE, DAVID PHILLIP DR.","REP","TN",1,"I","TN",1,"south","GOP Hold","Roe",77.1,21,"56.1"
"283","H6TN09068","COHEN, STEPHEN IRA","DEM","TN",9,"I","TN",9,"south","Dem Hold","Cohen",80,19.2,"60.8"
"284","H6TX02079","BABIN, BRIAN","REP","TX",36,"I","TX",36,"south","GOP Hold","Babin",72.6,27.4,"45.2"
"285","H6TX08100","BRADY, KEVIN","REP","TX",8,"I","TX",8,"south","GOP Hold","Brady",73.4,24.9,"48.5"
"286","H6TX12060","GRANGER, KAY","REP","TX",12,"I","TX",12,"south","GOP Hold","Granger",64.3,33.9,"30.4"
"287","H6TX15162","GONZALEZ, VICENTE","DEM","TX",15,"I","TX",15,"south","Dem Hold","Gonzalez",59.7,38.8,"20.9"
"288","H6TX19099","ARRINGTON, JODEY COOK","REP","TX",19,"I","TX",19,"south","GOP Hold","Arrington",75.2,24.8,"50.4"
"289","H6VA01117","SCOTT, ROBERT C","DEM","VA",3,"I","VA",3,"south","Dem Hold","Scott",0,8.8,"-8.8"
"290","H6VA04061","MCEACHIN, ASTON DONALD","DEM","VA",4,"I","VA",4,"south","Dem Hold","McEachin",62.6,36,"26.6"
"291","H6VT00160","WELCH, PETER","DEM","VT",0,"I","VT",1,"northeast","Dem Hold","Welch",69.2,26,"43.2"
"292","H6WA07458","JAYAPAL, PRAMILA","DEM","WA",7,"I","WA",7,"west","Dem Hold","Jayapal",83.6,16.4,"67.2"
"293","H6WA09025","SMITH, D. ADAM","DEM","WA",9,"I","WA",9,"west","Dem Hold","Smith",67.9,32.1,"67.9"
"294","H6WI03099","KIND, RONALD JAMES","DEM","WI",3,"I","WI",3,"midwest","Dem Hold","Kind",59.7,40.3,"19.4"
"295","H6WI08155","GALLAGHER, MICHAEL JOHN","REP","WI",8,"I","WI",8,"midwest","GOP Hold","Gallagher",63.7,36.3,"27.4"
"296","H6WY00159","CHENEY, ELIZABETH MRS.","REP","WY",0,"I","WY",1,"west","GOP Hold","Cheney",63.7,29.8,"33.9"
"297","H8AZ01104","KIRKPATRICK, ANN","DEM","AZ",2,"I","AZ",2,"west","Dem Pickup","Kirkpatrick",54.7,45.3,"9.4"
"298","H8AZ08158","LESKO, DEBBIE","REP","AZ",8,"I","AZ",8,"west","GOP Hold","Lesko",55.5,44.5,"11"
"299","H8AZ09040","STANTON, GREG","DEM","AZ",9,"I","AZ",9,"west","Dem Hold","Stanton",61.1,38.9,"22.2"
"300","H8CA01109","THOMPSON, MIKE MR.","DEM","CA",5,"I","CA",5,"west","Dem Hold","Thompson",78.9,21.1,"57.8"
"301","H8CA04152","MCCLINTOCK, THOMAS","REP","CA",4,"I","CA",4,"west","GOP Hold","McClintock",54.1,45.9,"8.2"
"302","H8CA05035","PELOSI, NANCY","DEM","CA",12,"I","CA",12,"west","Dem Hold","Pelosi",86.8,13.2,"73.6"
"303","H8CA09060","LEE, BARBARA","DEM","CA",13,"I","CA",13,"west","Dem Hold","Lee",88.4,11.6,"76.8"
"304","H8CA10126","HARDER, JOSH","DEM","CA",10,"I","CA",10,"west","Dem Pickup","Harder",52.3,47.7,"4.6"
"305","H8CA10167","COX, TERRANCE JOHN (TJ)","DEM","CA",21,"I","CA",21,"west","Dem Pickup","Cox",50.4,49.6,"0.8"
"306","H8CA12098","ESHOO, ANNA G","DEM","CA",18,"I","CA",18,"west","Dem Hold","Eshoo",74.5,25.5,"49"
"307","H8CA12171","SPEIER, JACKIE","DEM","CA",14,"I","CA",14,"west","Dem Hold","Speier",79.2,20.8,"58.4"
"308","H8CA20059","NUNES, DEVIN G.","REP","CA",22,"I","CA",22,"west","GOP Hold","Nunes",52.7,47.3,"5.4"
"309","H8CA25074","HILL, KATHERINE LAUREN","DEM","CA",25,"I","CA",25,"west","Dem Pickup","Hill",54.4,45.6,"8.8"
"310","H8CA34068","NAPOLITANO, GRACE","DEM","CA",32,"I","CA",32,"west","Dem Hold","Napolitano",68.8,31.2,"37.6"
"311","H8CA34266","GOMEZ, JIMMY","DEM","CA",34,"I","CA",34,"west","Dem Hold","Gomez",72.5,27.5,"45"
"312","H8CA39174","CISNEROS, GILBERT","DEM","CA",39,"I","CA",39,"west","Dem Pickup","Cisneros",51.6,48.4,"3.2"
"313","H8CA45130","PORTER, KATHERINE","DEM","CA",45,"I","CA",45,"west","Dem Pickup","Porter",52.1,47.9,"4.2"
"314","H8CA48035","ROUDA, HARLEY E JR","DEM","CA",48,"I","CA",48,"west","Dem Pickup","Rouda",53.6,46.4,"7.2"
"315","H8CA49058","LEVIN, MIKE","DEM","CA",49,"I","CA",49,"west","Dem Pickup","Levin",56.4,43.6,"12.8"
"316","H8CA52052","HUNTER, DUNCAN D","REP","CA",50,"I","CA",50,"west","GOP Hold","Hunter",51.7,48.3,"3.4"
"317","H8CO02160","NEGUSE, JOSEPH","DEM","CO",2,"I","CO",2,"west","Dem Hold","Neguse",60.3,33.6,"26.7"
"318","H8CO06229","CROW, JASON","DEM","CO",6,"I","CO",6,"west","Dem Pickup","Crow",54.1,42.9,"11.2"
"319","H8CT01046","LARSON, JOHN B","DEM","CT",1,"I","CT",1,"northeast","Dem Hold","Larson",63.7,35.2,"28.5"
"320","H8CT04172","HIMES, JIM","DEM","CT",4,"I","CT",4,"northeast","Dem Hold","Himes",60.9,39.1,"21.8"
"321","H8CT05245","HAYES, JAHANA","DEM","CT",5,"I","CT",5,"northeast","Dem Hold","Hayes",55.8,44.2,"11.6"
"322","H8FL06148","WALTZ, MICHAEL","REP","FL",6,"I","FL",6,"south","GOP Hold","Waltz",56.3,43.7,"12.6"
"323","H8FL15107","POSEY, BILL","REP","FL",8,"I","FL",8,"south","GOP Hold","Posey",60.5,39.5,"21"
"324","H8FL15230","SPANO, VINCENT ROSS","REP","FL",15,"I","FL",15,"south","GOP Hold","Spano",53,47,"6"
"325","H8FL17053","STEUBE, GREG","REP","FL",17,"I","FL",17,"south","GOP Hold","Steube",62.3,37.7,"24.6"
"326","H8FL26039","MUCARSEL-POWELL, DEBBIE","DEM","FL",26,"I","FL",26,"south","Dem Pickup","Mucarsel-Powell",50.9,49.1,"1.8"
"327","H8FL27193","SHALALA, DONNA","DEM","FL",27,"I","FL",27,"south","Dem Pickup","Shalala",51.8,45.8,"6"
"328","H8GA06393","MCBATH, LUCIA KAY MS.","DEM","GA",6,"I","GA",6,"south","Dem Pickup","McBath",50.5,49.5,"1"
"329","H8IA01094","FINKENAUER, ABBY","DEM","IA",1,"I","IA",1,"midwest","Dem Pickup","Finkenauer",51,45.9,"5.1"
"330","H8IA03124","AXNE, CINDY","DEM","IA",3,"I","IA",3,"midwest","Dem Pickup","Axne",49.3,47.2,"2.1"
"331","H8ID01124","FULCHER, RUSS","REP","ID",1,"I","ID",1,"west","GOP Hold","Fulcher",62.7,30.8,"31.9"
"332","H8ID02064","SIMPSON, MICHAEL","REP","ID",2,"I","ID",2,"west","GOP Hold","Simpson",60.7,39.3,"21.4"
"333","H8IL04134","GARCIA, JESUS","DEM","IL",4,"I","IL",4,"midwest","Dem Hold","Garcia",86.6,13.4,"73.2"
"334","H8IL06139","CASTEN, SEAN","DEM","IL",6,"C","IL",6,"midwest","Dem Pickup","Casten",53.6,46.4,"7.2"
"335","H8IL09067","SCHAKOWSKY, JANICE D","DEM","IL",9,"I","IL",9,"midwest","Dem Hold","Schakowsky",73.5,26.5,"47"
"336","H8IL14067","FOSTER, G. WILLIAM (BILL)","DEM","IL",11,"I","IL",11,"midwest","Dem Hold","Foster",63.8,36.2,"27.6"
"337","H8IL14174","UNDERWOOD, LAUREN A","DEM","IL",14,"I","IL",14,"midwest","Dem Pickup","Underwood",52.5,47.5,"5"
"338","H8IN04199","BAIRD, JAMES R DR.","REP","IN",4,"I","IN",4,"midwest","GOP Hold","Baird",64.1,35.9,"28.2"
"339","H8IN06129","PENCE, GREGORY J.","REP","IN",6,"I","IN",6,"midwest","GOP Hold","Pence",63.8,32.9,"30.9"
"340","H8IN07184","CARSON, ANDRE","DEM","IN",7,"I","IN",7,"midwest","Dem Hold","Carson",64.9,35.1,"29.8"
"341","H8KS02199","WATKINS, STEVEN C. JR.","REP","KS",2,"I","KS",2,"midwest","GOP Hold","Watkins",48.1,46.4,"1.7"
"342","H8KS03155","DAVIDS, SHARICE","DEM","KS",3,"I","KS",3,"midwest","Dem Pickup","Davids",53.3,44.2,"9.1"
"343","H8KS04112","ESTES, RON","REP","KS",4,"I","KS",4,"midwest","GOP Hold","Estes",59.8,40.2,"19.6"
"344","H8KY02031","GUTHRIE, S. BRETT HON.","REP","KY",2,"I","KY",2,"south","GOP Hold","Guthrie",66.7,31.1,"35.6"
"345","H8LA02054","RICHMOND, CEDRIC L.","DEM","LA",2,"I","LA",2,"south","Dem Hold","Richmond",80.6,0,"80.6"
"346","H8MA02041","NEAL, RICHARD E MR.","DEM","MA",1,"I","MA",1,"northeast","Dem Hold","Neal",97.6,0,"97.6"
"347","H8MA03106","TRAHAN, LORI","DEM","MA",3,"I","MA",3,"northeast","Dem Hold","Trahan",62,33.5,"28.5"
"348","H8MA07032","PRESSLEY, AYANNA","DEM","MA",7,"I","MA",7,"northeast","Dem Hold","Pressley",98.3,0,"98.3"
"349","H8MD01094","HARRIS, ANDREW P","REP","MD",1,"I","MD",1,"south","GOP Hold","Harris",60,38.1,"21.9"
"350","H8ME01120","PINGREE, CHELLIE M","DEM","ME",1,"I","ME",1,"northeast","Dem Hold","Pingree",58.8,32.4,"26.4"
"351","H8ME02185","GOLDEN, JARED","DEM","ME",2,"I","ME",2,"northeast","Dem Pickup","Golden",45.5,46.2,"-0.7"
"352","H8MI08102","SLOTKIN, ELISSA","DEM","MI",8,"I","MI",8,"midwest","Dem Pickup","Slotkin",50.6,46.8,"3.8"
"353","H8MI11254","STEVENS, HALEY","DEM","MI",11,"I","MI",11,"midwest","Dem Pickup","Stevens",51.8,45.2,"6.6"
"354","H8MI13250","TLAIB, RASHIDA","DEM","MI",13,"I","MI",13,"midwest","Dem Hold","Tlaib",84.6,0,"84.6"
"355","H8MN08043","STAUBER, PETER ALLEN","REP","MN",8,"I","MN",8,"midwest","GOP Pickup","Stauber",50.7,45.2,"5.5"
"356","H8MO09153","LUETKEMEYER, W BLAINE","REP","MO",3,"I","MO",3,"midwest","GOP Hold","Luetkemeyer",65.1,32.8,"32.3"
"357","H8MS03125","GUEST, MICHAEL PATRICK","REP","MS",3,"I","MS",3,"south","GOP Hold","Guest",62.7,36.3,"26.4"
"358","H8MT01182","GIANFORTE, GREG","REP","MT",0,"I","MT",1,"west","GOP Hold","Gianforte",50.9,46.2,"4.7"
"359","H8NC09123","MCCREADY, DANIEL","DEM","NC",9,"O","NC",9,"south",NA,"McCready",48.8,49.4,"-0.6"
"360","H8ND00096","ARMSTRONG, KELLY","REP","ND",0,"I","ND",1,"midwest","GOP Hold","Armstrong",60.3,35.6,"24.7"
"361","H8NH01210","PAPPAS, CHRIS","DEM","NH",1,"I","NH",1,"northeast","Dem Hold","Pappas",53.5,45,"8.5"
"362","H8NJ02166","VAN DREW, JEFF","DEM","NJ",2,"I","NJ",2,"northeast","Dem Pickup","Van",52.9,45.2,"7.7"
"363","H8NJ03073","PALLONE, FRANK JR","DEM","NJ",6,"I","NJ",6,"northeast","Dem Hold","Pallone",63.6,36.4,"27.2"
"364","H8NJ03206","KIM, ANDY","DEM","NJ",3,"I","NJ",3,"northeast","Dem Pickup","Kim",50,48.7,"1.3"
"365","H8NJ04014","SMITH, CHRISTOPHER H","REP","NJ",4,"I","NJ",4,"northeast","GOP Hold","Smith",55.4,43.1,"12.3"
"366","H8NJ07223","MALINOWSKI, TOM","DEM","NJ",7,"I","NJ",7,"northeast","Dem Pickup","Malinowski",51.7,46.7,"5"
"367","H8NJ11142","SHERRILL, MIKIE","DEM","NJ",11,"I","NJ",11,"northeast","Dem Pickup","Sherrill",56.8,42.1,"14.7"
"368","H8NM01331","HAALAND, DEBRA","DEM","NM",1,"I","NM",1,"west","Dem Hold","Haaland",59.1,36.3,"22.8"
"369","H8NM02248","TORRES SMALL, XOCHITL","DEM","NM",2,"I","NM",2,"west","Dem Pickup","Small",50.9,49.1,"1.8"
"370","H8NM03196","LUJAN, BEN R MR.","DEM","NM",3,"I","NM",3,"west","Dem Hold","Lujan",63.4,31.2,"32.2"
"371","H8NV03036","TITUS, DINA","DEM","NV",1,"I","NV",1,"west","Dem Hold","Titus",66.2,30.9,"35.3"
"372","H8NY01148","ZELDIN, LEE M","REP","NY",1,"I","NY",1,"northeast","GOP Hold","Zeldin",51.5,47.4,"4.1"
"373","H8NY06048","MEEKS, GREGORY W.","DEM","NY",5,"I","NY",5,"northeast","Dem Hold","Meeks",100,0,"100"
"374","H8NY11113","ROSE, MAX","DEM","NY",11,"I","NY",11,"northeast","Dem Pickup","Rose",53,46.6,"6.4"
"375","H8NY15148","OCASIO-CORTEZ, ALEXANDRIA","DEM","NY",14,"I","NY",14,"northeast","Dem Hold","Ocasio-Cortez",78.2,13.6,"64.6"
"376","H8NY19058","ENGEL, ELIOT L.","DEM","NY",16,"I","NY",16,"northeast","Dem Hold","Engel",100,0,"100"
"377","H8NY19181","DELGADO, ANTONIO","DEM","NY",19,"I","NY",19,"northeast","Dem Pickup","Delgado",51.4,46.2,"5.2"
"378","H8NY20056","LOWEY, NITA M","DEM","NY",17,"I","NY",17,"northeast","Dem Hold","Lowey",88,12,"76"
"379","H8NY21203","TONKO, PAUL DAVID","DEM","NY",20,"I","NY",20,"northeast","Dem Hold","Tonko",66.5,33.5,"33"
"380","H8NY22151","BRINDISI, ANTHONY","DEM","NY",22,"I","NY",22,"northeast","Dem Pickup","Brindisi",50.9,49.1,"1.8"
"381","H8NY25105","MORELLE, JOSEPH D","DEM","NY",25,"I","NY",25,"northeast","Dem Hold","Morelle",59,41,"18"
"382","H8NY29032","COLLINS, CHRISTOPHER C","REP","NY",27,"I","NY",27,"northeast","GOP Hold","Collins",49.1,48.8,"0.3"
"383","H8OH01043","CHABOT, STEVE","REP","OH",1,"I","OH",1,"midwest","GOP Hold","Chabot",51.3,46.9,"4.4"
"384","H8OH05036","LATTA, ROBERT EDWARD","REP","OH",5,"I","OH",5,"midwest","GOP Hold","Latta",62.3,35.1,"27.2"
"385","H8OH11141","FUDGE, MARCIA L.","DEM","OH",11,"I","OH",11,"midwest","Dem Hold","Fudge",82.2,17.8,"64.4"
"386","H8OH12180","BALDERSON, WILLIAM TROY","REP","OH",12,"I","OH",12,"midwest","GOP Hold","Balderson",51.4,47.2,"4.2"
"387","H8OH15076","STIVERS, STEVE MR.","REP","OH",15,"I","OH",15,"midwest","GOP Hold","Stivers",58.3,39.7,"18.6"
"388","H8OH16124","GONZALEZ, ANTHONY E","REP","OH",16,"I","OH",16,"midwest","GOP Hold","Gonzalez",56.7,43.3,"13.4"
"389","H8OK01157","HERN, KEVIN R","REP","OK",1,"I","OK",1,"south","GOP Hold","Hern",59.3,40.7,"18.6"
"390","H8OK05109","HORN, KENDRA","DEM","OK",5,"I","OK",5,"south","Dem Pickup","Horn",50.7,49.3,"1.4"
"391","H8OR05107","SCHRADER, KURT","DEM","OR",5,"I","OR",5,"west","Dem Hold","Schrader",55.1,41.9,"13.2"
"392","H8PA04116","DEAN, MADELEINE","DEM","PA",4,"I","PA",4,"northeast","Dem Hold","Dean",63.5,36.5,"27"
"393","H8PA05071","THOMPSON, GLENN","REP","PA",15,"I","PA",15,"northeast","GOP Hold","Thompson",67.8,32.2,"35.6"
"394","H8PA06087","HOULAHAN, CHRISSY","DEM","PA",6,"I","PA",6,"northeast","Dem Pickup","Houlahan",58.9,41.1,"17.8"
"395","H8PA07200","SCANLON, MARY GAY","DEM","PA",5,"I","PA",5,"northeast","Dem Pickup","Scanlon",65.2,34.8,"30.4"
"396","H8PA10147","MEUSER, DANIEL","REP","PA",9,"I","PA",9,"northeast","GOP Hold","Meuser",59.7,40.3,"19.4"
"397","H8PA13125","JOYCE, JOHN","REP","PA",13,"I","PA",13,"northeast","GOP Hold","Joyce",70.5,29.5,"41"
"398","H8PA15229","WILD, SUSAN","DEM","PA",7,"I","PA",7,"northeast","Dem Pickup","Wild",53.5,43.5,"10"
"399","H8PA18181","LAMB, CONOR","DEM","PA",17,"I","PA",17,"northeast","Dem Pickup","Lamb",56.3,43.7,"12.6"
"400","H8PA18199","RESCHENTHALER, GUY MR.","REP","PA",14,"I","PA",14,"northeast","GOP Pickup","Reschenthaler",57.9,42.1,"15.8"
"401","H8SC01116","CUNNINGHAM, JOE","DEM","SC",1,"I","SC",1,"south","Dem Pickup","Cunningham",50.7,49.3,"1.4"
"402","H8SC04250","TIMMONS, WILLIAM R IV","REP","SC",4,"I","SC",4,"south","GOP Hold","Timmons",59.6,36.6,"23"
"403","H8SC05158","NORMAN, RALPH W. JR.","REP","SC",5,"I","SC",5,"south","GOP Hold","Norman",57.1,41.5,"15.6"
"404","H8SD01055","JOHNSON, DUSTY","REP","SD",0,"I","SD",1,"midwest","GOP Hold","Johnson",60.3,36,"24.3"
"405","H8TN02119","BURCHETT, TIM","REP","TN",2,"I","TN",2,"south","GOP Hold","Burchett",65.9,33.1,"32.8"
"406","H8TN06094","ROSE, JOHN W.","REP","TN",6,"I","TN",6,"south","GOP Hold","Rose",69.5,28.3,"41.2"
"407","H8TN07076","GREEN, MARK DR.","REP","TN",7,"I","TN",7,"south","GOP Hold","Green",66.9,32.1,"34.8"
"408","H8TX02166","CRENSHAW, DANIEL","REP","TX",2,"I","TX",2,"south","GOP Hold","Crenshaw",52.8,45.6,"7.2"
"409","H8TX03123","TAYLOR, NICHOLAS V.","REP","TX",3,"I","TX",3,"south","GOP Hold","Taylor",54.3,44.3,"10"
"410","H8TX05144","GOODEN, LANCE","REP","TX",5,"I","TX",5,"south","GOP Hold","Gooden",62.4,37.6,"24.8"
"411","H8TX06233","WRIGHT, RON","REP","TX",6,"I","TX",6,"south","GOP Hold","Wright",53.1,45.4,"7.7"
"412","H8TX07140","FLETCHER, ELIZABETH","DEM","TX",7,"I","TX",7,"south","Dem Pickup","Fletcher",52.5,47.5,"5"
"413","H8TX16109","ESCOBAR, VERONICA","DEM","TX",16,"I","TX",16,"south","Dem Hold","Escobar",68.5,27,"41.5"
"414","H8TX21307","ROY, CHIP","REP","TX",21,"I","TX",21,"south","GOP Hold","Roy",50.2,47.6,"2.6"
"415","H8TX22107","OLSON, PETER G.","REP","TX",22,"I","TX",22,"south","GOP Hold","Olson",51.4,46.5,"4.9"
"416","H8TX27049","CLOUD, MICHAEL","REP","TX",27,"I","TX",27,"south","GOP Hold","Cloud",60.3,36.6,"23.7"
"417","H8TX29052","GARCIA, SYLVIA R","DEM","TX",29,"I","TX",29,"south","Dem Hold","Garcia",75.1,23.9,"51.2"
"418","H8TX32098","ALLRED, COLIN","DEM","TX",32,"I","TX",32,"south","Dem Pickup","Allred",52.3,45.8,"6.5"
"419","H8UT03238","CURTIS, JOHN","REP","UT",3,"I","UT",3,"west","GOP Hold","Curtis",67.5,27.3,"40.2"
"420","H8UT04053","MCADAMS, BEN","DEM","UT",4,"I","UT",4,"west","Dem Pickup","McAdams",50.1,49.9,"0.2"
"421","H8VA01147","WITTMAN, ROBERT J MR.","REP","VA",1,"I","VA",1,"south","GOP Hold","Wittman",55.2,44.8,"10.4"
"422","H8VA02111","LURIA, ELAINE","DEM","VA",2,"I","VA",2,"south","Dem Pickup","Luria",51.1,48.9,"2.2"
"423","H8VA05171","RIGGLEMAN, DENVER LEE MR. III","REP","VA",5,"I","VA",5,"south","GOP Hold","Riggleman",53.3,46.7,"6.6"
"424","H8VA06104","CLINE, BENJAMIN LEE","REP","VA",6,"I","VA",6,"south","GOP Hold","Cline",59.8,40.2,"19.6"
"425","H8VA07094","SPANBERGER, ABIGAIL","DEM","VA",7,"I","VA",7,"south","Dem Pickup","Spanberger",50.4,48.4,"2"
"426","H8VA10106","WEXTON, JENNIFER","DEM","VA",10,"I","VA",10,"south","Dem Pickup","Wexton",56.2,43.8,"12.4"
"427","H8VA11062","CONNOLLY, GERALD EDWARD","DEM","VA",11,"I","VA",11,"south","Dem Hold","Connolly",71.2,27,"44.2"
"428","H8WA08189","SCHRIER, KIM DR.","DEM","WA",8,"I","WA",8,"west","Dem Pickup","Schrier",52.4,47.6,"4.8"
"429","H8WI01156","STEIL, BRYAN GEORGE","REP","WI",1,"I","WI",1,"midwest","GOP Hold","Steil",54.6,42.3,"12.3"
"430","H8WI09050","SENSENBRENNER, F. JAMES JR.","REP","WI",5,"I","WI",5,"midwest","GOP Hold","Sensenbrenner",62,38,"24"
"431","H8WV03097","MILLER, CAROL DEVINE","REP","WV",3,"I","WV",3,"south","GOP Hold","Miller",56.4,43.6,"12.8"
